_id,dist_freq,tax_classification,date,curr_price,curr_dis,curr_nav,dist,dist_ammt,ttl_net_ast,ttl_cmm_ast,cmm_shr_out,_52_wk_avg_dis,_52_wk_avg_nav,_52_wk_avg_price,_52_wk_high_dis,_52_wk_high_nav,_52_wk_high_price,_52_wk_low_dis,_52_wk_low_nav,_52_wk_low_price
ACG,Monthly,Taxable Income-Government,20130823,8.16,-14.95,6.94,6.98,nbsp,2972.192M,1939.426M,242911697,-9.24,8.94,8.12,-6.77,9.47,8.72,-15.39,8.1,6.86
ACP,Monthly,Taxable Income-Senior Loan,20130823,17.91,-4.97,17.02,8.36,0.1200,297.953M,233.006M,13074072,-2.52,18.64,18.17,2.8,19.89,19.84,-7.18,17.4,16.37
ADX,Quarterly,US Equity-General Equity,20130823,14.2,-14.15,12.19,5.53,0.0500,1318.795M,1318.795M,92687368,-13.76,13.36,11.52,-12.33,14.64,12.58,-15.79,11.73,10.13
AFB,Monthly,Tax-Free Income-National,20130823,13.25,-6.79,12.35,Missing,Missing,621.958M,379.828M,28742380,1.42,14.82,15.07,10.14,15.62,16.83,-10.42,13.28,11.95
AFT,Monthly,Taxable Income-Senior Loan,20130823,18.92,-2.43,18.46,6.60,0.1050,445.504M,292.242M,15530498,3.27,18.94,19.56,8.62,19.26,20.92,-2.8,18.41,18.37
AGC,Monthly,Taxable Income-Convertible,20130823,7.9,-13.54,6.83,8.26,0.0470,422.399M,251.936M,32240720,-9.49,7.61,6.88,-5.64,8.16,7.54,-14.16,7.01,6.19
AGD,Monthly,Non-US/Other-Global Equity Dividend,20130823,5.21,-11.71,4.6,7.83,0.0300,131.226M,130.734M,25206164,-1.89,5.22,5.11,13.15,5.5,6.02,-11.62,4.89,4.45
AKP,Monthly,Tax-Free Income-California,20130823,13.2,-8.56,12.07,Missing,Missing,184.888M,112.376M,8554668,-1.84,14.76,14.52,8.9,15.51,16.41,-12.35,13.2,11.64
AOD,Monthly,Non-US/Other-Global Equity Dividend,20130823,4.67,-14.56,3.99,8.12,0.0270,1013.975M,1007.285M,219314844,-11.63,4.69,4.14,-5.49,4.94,4.57,-16.04,4.42,3.79
APB,Annual,Non-US/Other-Asia Equity,20130823,10.8,-11.02,9.61,nbsp,nbsp,111.795M,111.795M,10344073,-10.43,11.69,10.48,-8.18,12.62,11.35,-12.63,10.58,9.35
APF,Annual,Non-US/Other-Asia Equity,20130823,17.69,-10.18,15.89,0.63,0.1011,332.087M,332.087M,18598090,-11.03,17.39,15.45,-7.56,19.85,17.68,-13.23,14.88,13.19
ARK,Monthly,Taxable Income-High Yield,20130823,4.28,-10.05,3.85,7.50,0.0240,339.689M,241.768M,56852901,0.32,4.32,4.33,7.69,4.47,4.76,-10.26,4.2,3.84
ASA,Semi-Annual,US Equity-Energy/Resources,20130823,15.89,-6.99,14.78,2.56,0.0300,308.065M,308.065M,19289905,-7.08,20.51,18.9,-1.38,28.59,25.92,-11.27,12.39,11.65
ASG,Quarterly,US Equity-General Equity,20130823,5.31,-11.11,4.72,Missing,Missing,122.167M,122.167M,22974458,-9.51,4.78,4.32,-7.27,5.37,4.82,-12.26,4.24,3.72
ASP,Monthly,Taxable Income-Mortgage Bond,20130823,11.17,-15.58,9.43,8.13,0.0575,75.551M,52.641M,4231331,-9.6,12.56,11.37,-5.66,13.07,12.33,-16.41,11.11,9.32
LDP,Monthly,Taxable Income-Preferreds,20130823,25.04,-7.59,23.14,8.00,0.1560,662.235M,662.235M,26500000,-0.93,25.63,25.39,6.06,27.02,27.55,-10.65,24.06,22.4
AVK,Monthly,Taxable Income-Convertible,20130823,19.12,-9.99,17.21,6.55,0.0939,708.975M,445.611M,23580877,-7.47,18.25,16.88,-1.39,19.58,18.74,-11.0,16.82,14.97
AWF,Monthly,Non-US/Other-Emerging Market Income,20130823,15.08,-6.03,14.17,8.51,nbsp,1439.405M,1292.154M,86151778,1.98,15.5,15.81,9.93,16.03,17.16,-8.17,14.98,13.92
AWP,Monthly,US Equity-Real Estate (Global),20130823,7.59,-8.96,6.91,8.78,0.0500,655.282M,655.282M,85956569,-5.72,8.09,7.64,-0.23,9.05,8.91,-11.57,7.34,6.65
AYN,Monthly,Tax-Free Income-New York,20130823,12.99,-9.85,11.71,Missing,Missing,103.345M,62.568M,4836261,-3.07,14.58,14.15,5.72,15.4,16.08,-12.85,13.0,11.48
BAF,Monthly,Tax-Free Income-National,20130823,13.79,-6.6,12.88,Missing,Missing,162.341M,120.081M,8749418,-3.74,16.19,15.63,2.95,17.35,17.46,-12.48,13.79,12.38
BBF,Monthly,Tax-Free Income-National,20130823,13.38,-7.92,12.32,Missing,Missing,123.515M,89.260M,6704527,-3.14,15.65,15.19,3.22,16.74,16.68,-12.06,13.38,11.89
BBK,Monthly,Tax-Free Income-National,20130823,14.15,-3.89,13.6,Missing,Missing,227.780M,147.896M,10509162,0.36,16.5,16.59,6.33,17.62,18.66,-8.09,14.14,13.17
BBN,Monthly,Taxable Income-Municipal,20130823,20.58,-7.24,19.09,8.40,0.1318,1773.643M,1161.507M,57103349,-4.56,23.14,22.11,1.39,24.49,23.55,-11.13,20.27,18.51
BCF,Quarterly,US Equity-Energy/Resources,20130823,10.14,-11.83,8.94,9.96,0.2215,579.066M,579.066M,57173280,-5.4,10.57,10.01,2.28,11.46,11.19,-12.67,9.21,8.5
BCV,Quarterly,Taxable Income-Convertible,20130823,21.46,-17.47,17.71,2.72,0.1200,114.978M,114.977M,5374755,-14.98,20.16,17.1,-13.01,21.7,18.2,-17.66,18.73,15.87
BCX,Quarterly,US Equity-Commodities,20130823,13.3,-11.95,11.71,9.97,0.2900,618.851M,618.851M,46575310,-9.13,14.35,13.07,-4.17,15.82,14.94,-13.46,12.57,10.91
BDJ,Quarterly,US Equity-Covered Call,20130823,8.68,-12.67,7.58,7.44,0.1400,1555.378M,1555.378M,179482754,-10.73,8.52,7.61,-8.06,8.88,7.95,-13.73,8.03,7.05
BFK,Monthly,Tax-Free Income-National,20130823,12.7,1.1,12.84,Missing,Missing,835.779M,564.797M,44729826,1.53,14.92,15.19,8.06,15.88,16.72,-6.51,12.69,12.18
BFO,Monthly,Tax-Free Income-Florida,20130823,15.08,2.39,15.44,Missing,Missing,126.322M,100.242M,5562128,-1.56,15.93,15.69,2.19,16.39,16.28,-4.2,15.07,15.02
BFY,Monthly,Tax-Free Income-New York,20130823,13.36,-5.09,12.68,Missing,Missing,110.744M,66.358M,4995777,0.73,15.7,15.85,7.39,16.72,17.17,-8.8,13.35,12.34
BFZ,Monthly,Tax-Free Income-California,20130823,14.05,-3.56,13.55,Missing,Missing,617.042M,445.482M,31864226,-0.32,16.1,16.08,5.75,17.04,17.48,-7.33,14.05,13.16
BGR,Quarterly,US Equity-Energy/Resources,20130823,28.81,-10.48,25.79,6.33,0.4050,902.437M,858.149M,29766217,-7.91,27.33,25.13,-1.31,29.24,26.87,-11.79,24.64,22.07
BGT,Monthly,Taxable Income-Senior Loan,20130823,14.67,-2.45,14.31,6.10,0.0725,489.246M,345.612M,23656624,4.42,14.65,15.29,10.49,14.93,16.28,-2.86,14.28,14.21
BGX,Monthly,Taxable Income-Senior Loan,20130823,18.96,-5.01,18.01,7.12,0.1080,292.280M,239.916M,12700248,0.29,19.07,19.14,3.86,19.47,19.88,-6.59,18.76,17.73
BGY,Quarterly,US Equity-Covered Call,20130823,8.65,-11.91,7.62,Missing,Missing,952.090M,952.090M,109989277,-10.87,8.47,7.55,-7.81,8.86,7.94,-14.11,8.01,6.94
BHD,Monthly,Taxable Income-High Yield,20130823,14.1,-10.07,12.68,7.42,0.0780,124.014M,96.038M,7065121,-0.47,14.62,14.55,8.46,15.08,16.03,-11.48,13.93,12.49
BHK,Monthly,Taxable Income-Multi-Sector,20130823,13.91,-11.0,12.38,7.33,0.0755,555.127M,371.841M,27041847,-2.71,15.07,14.68,4.42,15.69,16.19,-10.75,13.81,12.35
BHL,Monthly,Taxable Income-Senior Loan,20130823,14.44,-5.26,13.68,5.86,0.0660,178.119M,129.844M,9034519,-0.94,14.4,14.26,6.25,14.68,15.47,-6.99,14.05,13.43
BHV,Missing,Missing,20130823,14.02,6.99,15.0,Missing,Missing,33.774M,22.174M,1583877,22.75,16.32,20.09,34.85,17.27,22.89,1.56,14.02,14.35
BHY,Monthly,Taxable Income-High Yield,20130823,7.44,-9.54,6.73,7.63,0.0428,65.572M,47.587M,6430618,2.43,7.54,7.72,11.48,7.9,8.45,-10.22,7.26,6.68
BIE,Monthly,Tax-Free Income-National,20130823,14.25,-7.23,13.22,Missing,Missing,65.204M,47.372M,3338684,-3.02,16.58,16.12,5.18,17.7,17.86,-12.13,14.26,12.68
BIF,Annual,US Equity-General Equity,20130823,9.78,-22.19,7.61,4.04,0.0171,247.728M,247.728M,25495585,-22.68,9.05,7.02,-20.56,10.03,7.89,-24.78,8.09,6.15
BJZ,Monthly,Tax-Free Income-California,20130823,15.15,2.31,15.5,Missing,Missing,152.441M,96.959M,6433028,1.3,15.74,15.94,4.68,16.07,16.76,-2.23,15.06,15.01
BKK,Monthly,Tax-Free Income-National,20130823,15.72,2.99,16.19,Missing,Missing,490.429M,329.289M,20236628,0.15,16.6,16.64,3.94,17.04,17.25,-4.29,15.72,15.81
BKN,Monthly,Tax-Free Income-National,20130823,13.5,-0.74,13.4,Missing,Missing,356.384M,230.522M,17156316,1.62,15.81,16.09,8.13,16.81,17.42,-7.38,13.5,13.07
BKT,Monthly,Taxable Income-Mortgage Bond,20130823,7.3,-12.88,6.36,6.96,0.0370,670.533M,462.909M,63942535,-5.47,7.63,7.22,-1.65,7.96,7.74,-13.13,7.27,6.34
BLE,Monthly,Tax-Free Income-National,20130823,13.33,1.28,13.5,Missing,Missing,461.868M,310.470M,23425489,2.42,15.75,16.17,7.23,16.78,17.6,-3.98,13.32,13.08
BLH,Monthly,Tax-Free Income-New York,20130823,14.88,1.34,15.08,Missing,Missing,85.154M,53.777M,3633028,1.41,15.64,15.87,6.77,16.05,16.87,-3.03,14.82,14.9
BLJ,Monthly,Tax-Free Income-New Jersey,20130823,14.11,-5.1,13.39,Missing,Missing,51.430M,32.732M,2324212,1.69,16.32,16.65,11.41,17.34,19.09,-7.73,14.12,13.12
BLW,Monthly,Taxable Income-Limited Duration,20130823,17.53,-5.59,16.55,7.63,0.1045,958.789M,644.893M,36988668,2.73,17.74,18.23,7.41,18.29,19.17,-6.51,17.29,16.32
BME,Quarterly,US Equity-Health/Biotech,20130823,33.42,-1.26,33.0,4.72,0.3844,255.214M,255.214M,7605601,-0.85,30.44,30.13,4.78,34.06,34.13,-4.43,27.59,26.41
BNA,Monthly,Taxable Income-Multi-Sector,20130823,10.86,-12.25,9.53,7.51,0.0595,550.502M,369.845M,34456370,-5.46,11.75,11.12,-0.25,12.26,11.99,-12.31,10.78,9.51
BNJ,Monthly,Tax-Free Income-New Jersey,20130823,13.89,-4.68,13.24,Missing,Missing,164.910M,105.815M,7649650,4.38,15.84,16.59,14.52,16.75,18.5,-7.94,13.9,12.87
BNY,Monthly,Tax-Free Income-New York,20130823,12.91,-0.46,12.85,Missing,Missing,260.073M,165.562M,12898822,3.02,15.16,15.65,9.42,16.16,17.14,-6.73,12.9,12.6
BOE,Quarterly,US Equity-Covered Call,20130823,15.66,-13.41,13.56,9.25,0.3117,1088.957M,1088.957M,69483161,-11.14,15.39,13.67,-7.66,16.19,14.42,-15.98,14.27,11.99
BPK,Monthly,Tax-Free Income-National,20130823,15.44,3.69,16.01,Missing,Missing,330.268M,244.478M,15908028,3.78,16.08,16.69,8.06,16.4,17.37,-2.49,15.43,15.7
BPS,Monthly,Tax-Free Income-Pennsylvania,20130823,12.77,-9.01,11.62,Missing,Missing,42.142M,25.843M,2032115,-1.82,15.05,14.82,5.53,16.06,16.41,-12.34,12.77,11.27
BQH,Monthly,Tax-Free Income-New York,20130823,13.37,-6.58,12.49,Missing,Missing,59.317M,37.217M,2797897,-0.75,16.06,15.98,4.96,17.44,17.25,-9.68,13.36,12.3
BQR,Quarterly,US Equity-Energy/Resources,20130823,8.94,-11.97,7.87,9.15,0.1793,112.052M,112.052M,12521049,-7.05,9.29,8.64,-2.53,9.78,9.48,-12.51,8.65,7.73
BQY,Quarterly,Non-US/Other-Global Equity Dividend,20130823,13.74,-10.84,12.25,7.52,0.2300,82.903M,82.903M,6033028,-8.61,13.74,12.56,-6.34,14.39,13.23,-11.31,12.73,11.29
BSD,Monthly,Tax-Free Income-National,20130823,12.49,0.08,12.5,Missing,Missing,133.643M,90.714M,7304904,-0.56,14.78,14.74,6.13,15.73,16.33,-8.62,12.48,11.78
BSE,Monthly,Tax-Free Income-New York,20130823,12.93,-6.5,12.09,Missing,Missing,124.371M,83.849M,6516100,0.82,15.08,15.25,8.87,16.07,17.14,-9.19,12.92,11.86
BSL,Monthly,Taxable Income-Senior Loan,20130823,19.27,1.09,19.48,6.83,0.1100,387.564M,243.571M,15193991,4.85,19.46,20.4,12.44,19.64,21.97,-2.41,19.2,18.84
BSP,Monthly,Taxable Income-Mortgage Bond,20130823,8.96,-10.27,8.04,7.32,0.0500,212.871M,142.616M,15985741,-12.77,10.06,8.78,-10.34,10.46,9.2,-15.56,8.9,7.77
BTA,Monthly,Tax-Free Income-National,20130823,10.85,-5.16,10.29,Missing,Missing,145.307M,145.069M,13422247,-1.54,12.51,12.34,5.16,13.2,13.44,-9.62,10.86,9.91
BTF,Monthly,US Equity-General Equity,20130823,28.1,-21.53,22.05,nbsp,nbsp,412.096M,343.981M,12338660,-21.2,25.11,19.88,-19.49,28.96,22.96,-23.4,21.58,17.05
BTO,Quarterly,US Equity-Finance,20130823,22.86,-0.35,22.78,Missing,Missing,424.784M,424.784M,18528511,-2.32,20.17,19.74,5.08,23.3,24.2,-10.27,17.92,16.08
BTZ,Monthly,Taxable Income-Investment Grade,20130823,14.53,-14.87,12.37,7.65,0.0785,2315.421M,1557.327M,108088170,-9.4,15.19,13.77,-6.03,15.77,14.42,-15.92,14.45,12.2
BWG,Monthly,Non-US/Other-Global Income,20130823,18.78,-15.02,15.96,Missing,Missing,541.445M,388.445M,21076754,-7.44,21.2,19.64,-3.36,23.26,21.61,-14.67,18.42,15.94
BYM,Monthly,Tax-Free Income-National,20130823,13.45,-4.91,12.79,Missing,Missing,490.549M,353.183M,26406273,-0.34,15.72,15.71,7.98,16.64,17.45,-9.43,13.44,12.3
BZM,Monthly,Tax-Free Income-Maryland,20130823,13.3,-4.14,12.75,Missing,Missing,43.417M,27.424M,2073293,7.8,15.29,16.53,19.07,16.1,18.86,-5.32,13.29,12.7
CAF,Annual,Non-US/Other-Asia Equity,20130823,22.95,-7.23,21.29,nbsp,nbsp,499.415M,499.415M,21881465,-2.06,22.24,21.85,12.93,25.32,27.45,-11.73,19.28,17.71
CCA,Monthly,Tax-Free Income-California,20130823,10.86,-8.38,9.95,Missing,Missing,54.563M,30.153M,2786238,-5.07,12.4,11.79,1.74,13.08,12.74,-12.03,10.87,9.65
CEE,Annual,Non-US/Other-Emerging Market Equity,20130823,34.1,-9.59,30.83,2.38,0.7346,459.543M,448.903M,13132942,-10.27,36.37,32.67,-7.81,39.69,35.97,-13.51,31.81,27.82
CEF,Annual,US Equity-Commodities,20130823,16.29,0.25,16.33,0.06,0.0100,4187.659M,4187.659M,254432713,1.43,19.03,19.33,8.92,22.71,24.05,-7.07,13.8,13.01
CEM,Quarterly,US Equity-MLP,20130823,26.12,3.56,27.05,5.86,0.3950,2256.681M,1791.681M,68463629,3.69,24.75,25.65,8.47,27.56,29.05,-1.29,21.72,21.89
CET,Semi-Annual,US Equity-General Equity,20130823,27.39,-16.25,22.94,2.88,0.2000,636.691M,636.691M,23218307,-19.34,25.52,20.63,-16.38,27.84,23.06,-22.32,23.2,18.77
CEV,Monthly,Tax-Free Income-California,20130823,12.0,-2.25,11.73,Missing,Missing,136.823M,86.832M,7261075,-0.53,13.88,13.84,7.69,14.67,15.41,-8.97,12.02,11.15
JPI,Monthly,Taxable Income-Preferreds,20130823,24.57,-8.99,22.36,9.06,0.1690,782.671M,557.671M,22752777,-1.29,25.21,24.88,8.63,26.36,26.38,-10.84,23.88,21.89
CFD,Monthly,Non-US/Other-undefined,20130823,19.43,-13.23,16.86,9.34,0.1300,177.563M,177.563M,9219240,-4.98,20.84,19.82,0.85,23.51,22.9,-14.29,18.51,16.25
CFP,Monthly,US Equity-General Equity,20130823,4.32,17.36,5.07,Missing,Missing,166.885M,166.885M,38673122,18.75,4.72,5.6,36.69,5.08,6.22,4.17,4.21,4.82
CGO,Monthly,Non-US/Other-Global Growth & Income,20130823,14.13,-4.46,13.5,9.00,0.1000,158.586M,117.659M,8410843,-1.5,14.21,13.99,3.5,14.89,14.94,-7.14,13.2,12.42
CH,Quarterly,Non-US/Other-Latin American Equity,20130823,11.7,20.34,14.08,Missing,Missing,109.610M,109.610M,9386497,3.22,14.59,15.03,29.07,16.29,16.18,-3.03,11.42,12.6
CHI,Monthly,Taxable Income-Multi-Sector,20130823,12.74,-0.31,12.7,9.04,0.0950,1140.600M,841.129M,67547533,-1.41,12.69,12.51,1.98,13.3,13.3,-5.51,12.17,11.5
CHN,Annual,Non-US/Other-Asia Equity,20130823,23.99,-13.05,20.86,1.77,0.3673,390.844M,377.136M,15682029,-9.62,23.87,21.55,-3.39,25.61,24.16,-14.77,21.9,18.76
CHW,Monthly,Non-US/Other-Global Growth & Income,20130823,9.59,-13.66,8.28,9.01,0.0620,762.108M,561.463M,59006992,-9.2,9.5,8.62,-5.94,9.88,9.21,-13.65,8.94,7.72
CHY,Monthly,Taxable Income-Multi-Sector,20130823,13.38,-8.37,12.26,8.31,0.0850,1274.595M,921.219M,72148383,-5.58,13.31,12.57,-1.85,13.95,13.47,-9.08,12.79,11.68
CIF,Monthly,Taxable Income-High Yield,20130823,3.06,-13.07,2.66,8.12,0.0180,86.271M,64.284M,21092613,-1.34,3.14,3.1,4.89,3.26,3.3,-13.68,3.02,2.65
CII,Quarterly,US Equity-Covered Call,20130823,14.77,-12.86,12.87,Missing,Missing,650.718M,650.718M,44121400,-9.48,14.34,12.98,-6.15,14.95,13.49,-12.7,13.62,11.89
CIK,Monthly,Taxable Income-High Yield,20130823,3.79,-7.12,3.52,8.01,0.0235,226.045M,197.248M,52219224,4.41,3.81,3.98,9.11,3.91,4.24,-6.86,3.73,3.53
CLM,Monthly,US Equity-General Equity,20130823,5.36,33.4,7.15,Missing,Missing,101.556M,101.556M,18879128,22.23,5.75,7.04,35.79,6.13,8.02,5.51,5.32,5.96
CMK,Monthly,Non-US/Other-Global Income,20130823,9.07,-11.8,8.0,5.11,0.0340,106.887M,91.796M,10842500,-8.16,9.42,8.66,-3.55,9.61,9.25,-13.29,9.03,7.85
CMU,Monthly,Tax-Free Income-High Yield,20130823,4.38,-8.22,4.02,Missing,Missing,202.184M,127.229M,28292995,0.94,4.87,4.92,10.04,5.06,5.37,-11.51,4.38,3.92
COY,Monthly,Taxable Income-High Yield,20130823,7.64,-10.08,6.87,8.65,0.0495,363.933M,266.012M,35004366,0.72,7.69,7.74,8.59,8.07,8.31,-10.47,7.37,6.84
CRF,Monthly,US Equity-General Equity,20130823,4.88,33.4,6.51,Missing,Missing,50.538M,50.538M,10303216,23.07,5.16,6.36,41.24,5.47,7.08,5.3,4.84,5.31
CSI,Quarterly,Taxable Income-Investment Grade,20130823,20.11,-13.43,17.41,6.10,0.2650,214.671M,214.669M,10708597,-7.11,21.21,19.71,-2.27,21.78,20.78,-13.89,20.11,17.4
CSP,Monthly,Taxable Income-Mortgage Bond,20130823,7.49,-10.81,6.68,6.94,0.0425,233.731M,159.278M,21356023,-9.84,8.1,7.31,-6.61,8.29,7.66,-14.41,7.44,6.63
CSQ,Monthly,US Equity-Growth & Income,20130823,11.13,-10.15,10.0,8.44,0.0700,2312.251M,1707.321M,154514000,-5.72,10.9,10.27,-2.94,11.49,10.95,-10.55,10.09,9.04
CTR,Quarterly,US Equity-MLP,20130823,22.36,3.22,23.08,5.74,0.3300,1112.681M,857.680M,38262057,1.56,21.22,21.55,5.78,23.66,24.7,-2.63,18.74,18.82
CUBA,Annual,Non-US/Other-Latin American Equity,20130823,9.62,-8.34,8.82,2.22,0.1960,35.710M,35.710M,3713071,-8.42,9.02,8.28,-1.4,9.84,9.23,-13.78,7.88,6.85
CXE,Monthly,Tax-Free Income-High Yield,20130823,4.84,-6.61,4.52,Missing,Missing,255.209M,157.766M,31485667,0.86,5.41,5.47,10.64,5.63,6.03,-11.66,4.84,4.32
CXH,Monthly,Tax-Free Income-National,20130823,9.39,-8.84,8.56,Missing,Missing,157.878M,109.157M,11586957,-3.11,10.53,10.22,6.2,10.98,11.32,-11.92,9.39,8.35
CYE,Monthly,Taxable Income-High Yield,20130823,7.75,-9.94,6.98,8.73,0.0505,406.296M,289.389M,37542561,-0.62,7.82,7.77,7.56,8.2,8.18,-11.47,7.5,6.87
DBL,Monthly,Taxable Income-Multi-Sector,20130823,22.63,0.66,22.78,8.89,0.1670,331.867M,331.867M,14743092,7.03,24.52,26.26,12.01,25.2,28.17,-4.89,22.65,21.59
DCA,Quarterly,Non-US/Other-Global Growth & Income,20130823,4.49,-14.25,3.85,5.21,0.0500,173.822M,123.322M,27466109,-12.08,4.52,3.97,-9.27,4.87,4.29,-15.48,4.17,3.55
DDF,Monthly,US Equity-Growth & Income,20130823,9.78,-10.22,8.78,Missing,Missing,124.063M,91.601M,9439043,-7.46,9.31,8.61,-2.0,10.21,9.48,-11.68,8.32,7.35
DEX,Monthly,Non-US/Other-Global Growth & Income,20130823,12.89,-10.16,11.58,7.80,0.0750,282.800M,202.461M,15863616,-5.88,12.56,11.81,5.11,13.49,12.95,-11.18,11.63,10.33
DHF,Monthly,Taxable Income-High Yield,20130823,3.95,-2.28,3.86,9.95,0.0320,404.213M,284.425M,72459599,6.24,4.02,4.27,11.28,4.19,4.61,-3.54,3.85,3.81
DHG,Monthly,Taxable Income-High Yield,20130823,15.82,-13.34,13.71,8.20,0.0935,389.661M,265.880M,16850701,-5.56,16.2,15.3,1.83,16.81,16.15,-13.97,15.51,13.62
DHY,Monthly,Taxable Income-High Yield,20130823,3.04,-0.66,3.02,10.50,0.0265,394.871M,277.872M,97668522,4.5,3.08,3.22,9.27,3.21,3.44,-3.62,2.97,2.93
DMF,Monthly,Tax-Free Income-National,20130823,8.8,-5.68,8.3,Missing,Missing,256.192M,181.288M,20705513,1.94,10.16,10.39,11.32,10.72,11.6,-8.02,8.79,8.14
DMO,Monthly,Taxable Income-Mortgage Bond,20130823,23.58,-8.23,21.64,8.34,0.1500,368.519M,244.338M,10410638,1.72,24.73,25.15,9.52,26.68,27.26,-9.97,23.43,21.54
DNI,Quarterly,US Equity-Growth & Income,20130823,17.82,-9.26,16.17,Missing,Missing,128.234M,106.924M,6051407,-10.69,16.83,15.03,-7.07,18.48,16.74,-14.29,15.12,12.96
DNP,Monthly,US Equity-Growth & Income,20130823,8.61,15.28,9.92,7.82,0.0650,3391.919M,2331.991M,271318777,14.39,8.76,9.99,26.58,9.59,10.88,9.31,7.95,8.94
DNY,Annual,US Equity-General Equity,20130823,23.91,-20.87,18.92,0.26,0.0493,121.443M,99.493M,4157117,-19.87,22.29,17.91,-16.43,25.42,20.6,-22.86,19.22,15.5
DPD,Quarterly,US Equity-Covered Call,20130823,15.55,-5.79,14.65,Missing,Missing,186.814M,186.814M,12015674,-6.13,15.2,14.27,-0.06,16.13,16.01,-9.86,13.99,12.61
DPG,Quarterly,US Equity-Utilities,20130823,20.7,-11.79,18.26,7.76,0.3500,1042.944M,782.943M,37929806,-7.19,20.08,18.61,-3.04,22.17,20.19,-12.21,17.88,16.68
DPO,Quarterly,US Equity-Covered Call,20130823,12.68,-6.78,11.82,Missing,Missing,445.314M,352.660M,27856933,-5.76,12.23,11.51,-2.3,13.31,12.61,-8.53,10.9,9.97
DSM,Monthly,Tax-Free Income-National,20130823,7.78,-3.98,7.47,Missing,Missing,524.877M,385.543M,49082366,1.97,8.86,9.05,9.38,9.32,9.88,-7.54,7.78,7.24
DSU,Monthly,Taxable Income-High Yield,20130823,4.31,-9.3,3.91,7.71,0.0250,659.955M,470.107M,108362126,-0.18,4.34,4.33,8.0,4.51,4.65,-10.21,4.17,3.87
DTF,Monthly,Tax-Free Income-National,20130823,15.09,-7.75,13.92,Missing,Missing,192.942M,128.057M,8519010,-1.48,16.96,16.74,7.17,17.8,19.0,-10.28,15.09,13.62
DUC,Monthly,Taxable Income-Investment Grade,20130823,11.02,-7.99,10.14,8.31,0.0700,537.692M,348.026M,27494683,2.1,11.74,12.0,7.97,12.12,12.74,-9.14,10.98,10.01
DVM,Quarterly,US Equity-Dividend Equity,20130823,15.6,-10.96,13.89,6.71,0.2300,196.476M,196.476M,12621954,-6.71,15.57,14.51,0.92,17.02,15.76,-11.1,14.28,12.96
EAD,Monthly,Taxable Income-High Yield,20130823,9.66,-9.73,8.72,9.32,0.0680,912.003M,681.828M,70967030,0.84,9.98,10.06,8.5,10.3,10.72,-9.94,9.59,8.7
ECF,Quarterly,Taxable Income-Convertible,20130823,9.31,-17.4,7.69,3.13,0.0600,125.362M,125.361M,13507882,-14.99,8.83,7.49,-12.5,9.52,7.99,-17.74,8.1,6.81
EDD,Quarterly,Non-US/Other-Emerging Market Income,20130823,15.62,-14.6,13.34,7.51,0.2500,1512.153M,1112.351M,72431536,-8.64,17.9,16.37,-2.45,19.38,17.72,-14.96,15.42,13.29
EDF,Monthly,Non-US/Other-Emerging Market Income,20130823,20.05,1.25,20.3,10.63,0.1800,398.522M,310.736M,15756680,2.87,23.28,23.97,8.88,24.7,26.5,-3.2,19.8,20.18
EEA,Semi-Annual,Non-US/Other-Other Non-US Equity,20130823,8.82,-9.86,7.95,3.59,nbsp,87.198M,87.198M,9894365,-10.14,8.02,7.2,-7.62,8.82,8.01,-12.14,7.14,6.41
EFR,Monthly,Taxable Income-Senior Loan,20130823,15.74,0.76,15.86,6.18,0.0820,875.995M,564.847M,36074786,5.0,15.79,16.57,10.4,16.11,17.62,-0.06,15.38,15.66
EFT,Monthly,Taxable Income-Senior Loan,20130823,16.1,1.49,16.34,5.81,0.0790,1005.564M,635.747M,39673357,5.05,16.13,16.94,10.42,16.46,17.88,-3.16,15.72,15.62
EGF,Monthly,Taxable Income-Mortgage Bond,20130823,15.33,-6.78,14.29,5.47,0.0650,240.769M,174.412M,9899677,-4.69,15.92,15.17,-0.5,16.3,16.02,-9.17,15.25,13.97
EHI,Monthly,Non-US/Other-Global Income,20130823,12.9,-10.16,11.59,9.96,0.0963,509.556M,397.129M,31053250,-2.0,13.72,13.46,2.06,14.24,14.23,-10.37,12.78,11.57
EIA,Monthly,Tax-Free Income-California,20130823,11.23,-4.27,10.75,Missing,Missing,69.151M,43.437M,3885230,0.55,13.14,13.24,13.81,13.92,15.5,-9.3,11.24,10.38
EIM,Monthly,Tax-Free Income-National,20130823,11.66,-6.17,10.94,Missing,Missing,793.017M,791.382M,68168250,-1.68,13.75,13.54,3.34,14.67,15.04,-9.47,11.67,10.71
EIO,Monthly,Tax-Free Income-Ohio,20130823,11.67,-6.26,10.94,Missing,Missing,46.475M,29.482M,2536051,4.64,13.55,14.2,18.49,14.43,16.05,-8.39,11.68,10.81
EIP,Monthly,Tax-Free Income-Pennsylvania,20130823,12.21,-10.16,10.97,Missing,Missing,57.769M,36.049M,2959759,1.78,14.12,14.41,13.16,14.96,16.75,-12.2,12.24,10.88
EIV,Monthly,Tax-Free Income-National,20130823,11.31,-8.31,10.37,Missing,Missing,157.541M,112.749M,10012198,-0.65,13.06,13.0,6.98,13.88,14.31,-11.25,11.32,10.18
EMD,Quarterly,Non-US/Other-Emerging Market Income,20130823,13.52,-11.46,11.97,Missing,Missing,407.688M,385.791M,28629885,-2.6,15.35,14.97,5.37,16.03,16.63,-11.64,13.43,11.95
EMF,Annual,Non-US/Other-Emerging Market Equity,20130823,19.07,-7.66,17.61,1.64,0.2877,348.794M,348.794M,18051115,-8.18,20.9,19.2,-5.81,22.68,20.97,-10.32,18.42,16.76
EMI,Monthly,Tax-Free Income-Michigan,20130823,12.24,-11.27,10.86,Missing,Missing,43.331M,25.840M,2116294,-7.0,14.43,13.45,-3.07,15.32,14.85,-14.25,12.27,10.74
EMJ,Monthly,Tax-Free Income-New Jersey,20130823,12.57,-7.72,11.6,Missing,Missing,52.307M,32.715M,2608910,0.12,14.36,14.41,11.92,15.14,16.4,-11.08,12.6,11.32
EMO,Quarterly,US Equity-MLP,20130823,23.04,2.13,23.53,5.78,0.3400,770.287M,710.286M,30778116,2.39,21.85,22.35,9.16,24.44,24.97,-2.39,19.12,18.95
ENX,Monthly,Tax-Free Income-New York,20130823,12.17,-8.3,11.16,Missing,Missing,193.010M,186.901M,15896585,-2.73,14.09,13.73,2.92,14.99,15.04,-11.68,12.18,10.89
EOD,Quarterly,Non-US/Other-Global Equity Dividend,20130823,8.18,-9.54,7.4,11.31,0.2100,402.135M,402.135M,49160825,-3.84,8.21,7.9,3.48,8.68,8.88,-11.14,7.61,7.02
EOI,Monthly,US Equity-Covered Call,20130823,13.24,-9.37,12.0,Missing,Missing,519.637M,519.637M,39268049,-11.64,12.9,11.4,-8.91,13.7,12.37,-14.77,11.92,10.16
EOS,Monthly,US Equity-Covered Call,20130823,12.86,-8.86,11.72,Missing,Missing,613.897M,613.895M,47655123,-10.56,12.51,11.19,-8.0,13.21,12.08,-13.81,11.6,10.07
EOT,Monthly,Tax-Free Income-National,20130823,20.12,-9.24,18.26,Missing,Missing,307.434M,307.298M,15328333,-2.84,22.43,21.83,7.32,23.37,24.92,-12.86,20.12,17.73
ERC,Monthly,Taxable Income-Limited Duration,20130823,15.96,-13.53,13.8,8.71,0.1000,895.792M,665.457M,42055000,-6.09,16.95,15.93,-1.59,17.61,16.86,-13.67,15.89,13.73
ERH,Monthly,US Equity-Utilities,20130823,12.33,-3.46,11.9,7.56,0.0750,113.820M,91.821M,9231183,-2.53,12.17,11.85,3.82,12.8,12.58,-7.85,11.35,10.61
ESD,Monthly,Non-US/Other-Emerging Market Income,20130823,19.12,-12.66,16.7,Missing,Missing,621.535M,581.591M,30794143,-3.5,21.62,20.89,2.42,22.59,22.68,-12.04,18.95,16.73
ETB,Monthly,US Equity-Covered Call,20130823,15.65,-4.41,14.96,Missing,Missing,386.393M,386.392M,24654545,-5.35,15.44,14.61,-1.48,15.99,15.58,-10.52,14.35,12.84
ETF,Annual,Non-US/Other-Emerging Market Equity,20130823,21.04,-9.13,19.12,2.04,0.2688,173.457M,173.457M,8246665,-10.85,23.22,20.71,-8.24,24.6,22.39,-14.02,20.85,18.8
ETG,Monthly,US Equity-Equity Tax-Advantaged,20130823,16.45,-4.56,15.7,7.82,0.1025,1679.665M,1254.665M,76300214,-4.9,15.74,14.97,0.63,17.22,16.91,-9.66,14.18,12.81
ETJ,Monthly,US Equity-Covered Call,20130823,12.1,-10.0,10.89,Missing,Missing,845.431M,845.430M,70262683,-11.42,12.21,10.82,-8.96,12.64,11.48,-15.0,11.44,9.97
ETO,Monthly,US Equity-Equity Tax-Advantaged,20130823,24.57,-8.91,22.38,Missing,Missing,475.367M,357.367M,14519257,-8.72,23.73,21.68,-1.8,25.86,25.38,-14.65,21.5,18.35
ETUA,Annual,Non-US/Other-undefined,20130823,11.61,-2.67,11.3,nbsp,nbsp,30.489M,30.489M,2628389,-4.72,11.09,10.56,-2.22,11.66,11.36,-9.05,10.35,9.75
ETV,Monthly,US Equity-Covered Call,20130823,14.22,-6.96,13.23,Missing,Missing,906.025M,906.024M,63614866,-8.68,14.25,13.01,-5.44,14.9,13.71,-13.25,13.56,11.79
ETW,Monthly,US Equity-Covered Call,20130823,12.5,-8.32,11.46,Missing,Missing,1334.129M,1334.128M,106509735,-10.94,12.56,11.19,-7.44,13.17,11.74,-15.07,11.93,10.31
ETY,Monthly,US Equity-Covered Call,20130823,11.41,-9.64,10.31,Missing,Missing,1721.782M,1721.782M,150969916,-11.43,11.26,9.98,-8.2,11.79,10.78,-15.24,10.62,9.08
EVF,Monthly,Taxable Income-Senior Loan,20130823,7.37,-4.34,7.05,5.96,0.0350,452.627M,277.711M,37864018,2.17,7.4,7.56,7.07,7.54,7.93,-5.28,7.24,7.0
EVG,Monthly,Taxable Income-Limited Duration,20130823,16.85,-10.09,15.15,Missing,Missing,424.331M,313.232M,18886596,-3.9,17.66,16.98,-0.28,18.04,17.82,-10.45,16.82,15.08
EVJ,Monthly,Tax-Free Income-New Jersey,20130823,12.6,-6.27,11.81,Missing,Missing,58.912M,25.480M,4679158,1.91,14.15,14.45,12.32,14.8,16.52,-9.91,12.63,11.46
EVM,Monthly,Tax-Free Income-California,20130823,10.96,-8.67,10.01,Missing,Missing,237.913M,237.403M,21756186,-6.03,12.74,11.98,-2.0,13.44,12.92,-12.6,10.97,9.71
EVN,Monthly,Tax-Free Income-National,20130823,10.0,6.6,10.66,Missing,Missing,346.985M,226.537M,22815671,8.42,12.48,13.55,13.67,13.39,14.46,0.76,9.99,10.46
EVO,Monthly,Tax-Free Income-Ohio,20130823,12.87,-7.23,11.94,Missing,Missing,59.339M,36.625M,2857157,0.71,14.88,15.03,15.69,15.86,17.7,-9.66,12.88,11.82
EVP,Monthly,Tax-Free Income-Pennsylvania,20130823,12.4,-10.48,11.1,Missing,Missing,54.816M,33.646M,2720414,-1.91,14.04,13.8,7.18,14.78,15.53,-13.13,12.43,10.9
EVT,Monthly,US Equity-Equity Tax-Advantaged,20130823,19.87,-9.92,17.9,7.23,0.1075,1890.439M,1443.440M,72835900,-7.49,19.45,17.99,-3.62,20.98,20.16,-10.67,17.82,15.96
EVV,Monthly,Taxable Income-Limited Duration,20130823,16.27,-9.47,14.73,8.30,0.1017,2768.148M,1898.826M,117507664,-0.02,16.7,16.71,4.62,17.02,17.67,-10.93,16.23,14.5
EVY,Monthly,Tax-Free Income-New York,20130823,12.75,-5.02,12.11,Missing,Missing,103.200M,69.441M,5474636,1.27,14.66,14.87,8.17,15.54,16.29,-9.53,12.75,11.67
EXD,Quarterly,Taxable Income-Government,20130823,16.16,-9.16,14.68,Missing,Missing,170.247M,170.245M,10566786,-2.32,17.66,17.27,3.17,18.72,18.35,-10.05,16.06,14.5
EXG,Monthly,US Equity-Covered Call,20130823,10.41,-8.84,9.49,Missing,Missing,3188.432M,3188.432M,305443010,-11.3,10.39,9.22,-7.42,10.78,9.98,-15.59,9.76,8.42
FAM,Monthly,Non-US/Other-Global Income,20130823,15.43,-8.81,14.07,11.11,0.1300,363.799M,265.407M,17400622,-1.85,17.57,17.27,2.99,18.42,18.63,-9.83,15.33,13.95
FAV,Quarterly,US Equity-Equity Tax-Advantaged,20130823,9.31,-11.92,8.2,7.40,0.1500,76.786M,76.786M,8259517,-10.22,9.03,8.11,-6.07,9.57,8.64,-13.41,8.28,7.17
FAX,Monthly,Non-US/Other-Global Income,20130823,6.61,-6.66,6.17,6.87,0.0350,2352.110M,1751.511M,267407928,-1.54,7.51,7.41,3.8,7.85,7.97,-12.93,6.58,5.86
FCO,Monthly,Non-US/Other-Global Income,20130823,11.77,-11.13,10.46,8.09,0.0700,149.743M,109.703M,9404150,-1.4,13.4,13.25,3.64,14.08,14.28,-12.24,11.72,10.37
FCT,Monthly,Taxable Income-Senior Loan,20130823,14.95,2.68,15.35,6.21,0.0875,567.673M,393.759M,26470348,4.55,15.0,15.68,11.21,15.23,16.76,-2.02,14.7,14.55
FDI,Quarterly,Taxable Income-Investment Grade,20130823,15.86,-13.49,13.72,5.09,0.1750,138.218M,138.217M,8775665,-6.92,17.09,15.92,-1.59,18.24,17.27,-13.27,15.77,13.73
FEN,Quarterly,US Equity-MLP,20130823,32.37,-0.49,32.21,Missing,Missing,746.049M,535.649M,16534978,4.26,31.26,32.58,10.32,34.0,36.38,-1.95,27.18,27.68
FEO,Quarterly,Non-US/Other-Global Growth & Income,20130823,20.57,-13.51,17.79,7.90,0.3500,114.019M,108.223M,5327785,-5.95,22.84,21.5,-0.53,24.1,23.71,-13.29,20.31,17.72
FFA,Quarterly,US Equity-Covered Call,20130823,14.33,-11.1,12.74,7.06,0.2250,286.221M,286.221M,19973164,-10.24,13.97,12.53,-8.01,14.78,13.41,-14.27,12.82,10.99
FFC,Monthly,Taxable Income-Preferreds,20130823,18.18,-1.27,17.95,9.11,0.1360,1209.396M,792.627M,43463040,3.53,19.06,19.74,9.87,19.9,21.6,-6.99,18.09,17.74
FGB,Quarterly,US Equity-Finance,20130823,7.97,1.0,8.05,8.50,0.1700,136.713M,113.713M,14283015,0.11,8.25,8.26,6.58,8.8,8.98,-6.13,7.35,7.41
FHY,Monthly,Taxable Income-High Yield,20130823,17.05,-11.09,15.16,9.47,0.1200,197.744M,143.371M,8458869,-2.55,17.3,16.85,5.34,18.0,17.94,-12.42,16.73,14.95
FIF,Monthly,US Equity-Energy/Resources,20130823,23.98,-7.21,22.25,5.97,0.1100,566.350M,420.450M,17550236,-3.73,23.65,22.77,3.06,25.7,25.37,-9.51,20.93,19.89
FLC,Monthly,Taxable Income-Preferreds,20130823,19.37,-5.83,18.24,8.94,0.1360,293.380M,192.130M,9897817,1.27,20.29,20.56,9.61,21.17,22.3,-8.52,19.22,17.97
FMN,Monthly,Tax-Free Income-National,20130823,13.54,-3.32,13.09,Missing,Missing,119.855M,83.253M,6183261,1.82,15.33,15.64,12.69,16.09,17.55,-8.86,13.53,12.55
FMO,Quarterly,US Equity-MLP,20130823,23.64,9.18,25.81,6.44,0.4120,904.957M,690.958M,29102333,7.67,22.63,24.39,16.3,25.12,28.68,2.72,19.65,20.69
FMY,Monthly,Taxable Income-Mortgage Bond,20130823,17.49,-13.21,15.18,6.73,0.0850,96.995M,84.290M,4211129,-1.73,17.78,17.47,14.9,18.11,20.57,-13.33,17.2,15.15
FOF,Quarterly,US Equity-Dividend Equity,20130823,13.7,-9.49,12.4,8.42,0.2600,376.633M,376.633M,27439099,-8.32,14.23,13.05,-4.08,15.09,13.87,-9.97,13.1,12.07
FPT,Monthly,Tax-Free Income-National,20130823,13.33,-8.63,12.18,Missing,Missing,116.182M,74.251M,6982324,-1.62,14.65,14.45,6.28,15.28,16.18,-11.66,13.33,11.9
FRA,Monthly,Taxable Income-Senior Loan,20130823,15.35,-3.78,14.77,6.14,0.0755,727.301M,519.469M,37196872,1.93,15.28,15.57,7.89,15.64,16.71,-4.1,14.91,14.37
FSD,Monthly,Taxable Income-High Yield,20130823,19.02,-9.73,17.17,8.12,0.1155,851.607M,681.397M,36056159,-5.08,19.35,18.36,-0.27,20.06,19.2,-11.39,18.41,16.79
FT,Monthly,Taxable Income-Multi-Sector,20130823,7.64,-10.73,6.82,6.74,0.0380,233.271M,191.291M,25131894,-5.54,7.73,7.3,0.13,8.17,7.78,-11.72,7.32,6.62
FTF,Monthly,Taxable Income-Limited Duration,20130823,13.94,-9.9,12.56,7.00,0.0730,462.576M,372.620M,26832032,0.08,14.2,14.2,8.57,14.55,15.5,-11.1,13.82,12.42
FTT,Monthly,Taxable Income-Government,20130823,14.8,-14.12,12.71,Missing,Missing,132.348M,132.347M,8976813,-11.06,15.55,13.84,-7.96,16.01,14.57,-15.31,14.78,12.59
FUND,&nbsp;,US Equity-General Equity,20130823,8.29,-11.82,7.31,Missing,Missing,178.186M,176.892M,21364100,-11.27,7.79,6.91,-6.96,8.36,7.39,-14.52,7.26,6.29
GAB,Quarterly,US Equity-General Equity,20130823,6.63,1.81,6.75,Missing,Missing,1472.976M,1257.174M,189106918,2.36,6.05,6.19,8.33,6.84,7.03,-2.29,5.24,5.12
GAM,Annual,US Equity-General Equity,20130823,39.13,-15.03,33.25,0.65,0.0558,1345.103M,1154.986M,29516550,-14.23,35.48,30.42,-12.61,39.62,33.72,-16.0,30.96,26.09
GBAB,Monthly,Taxable Income-Municipal,20130823,21.58,-6.12,20.26,8.18,0.1382,543.306M,409.664M,17413674,-3.43,23.47,22.68,3.19,24.4,24.34,-9.29,21.47,19.58
GCH,Annual,Non-US/Other-Asia Equity,20130823,12.67,-11.52,11.21,0.45,0.0507,105.114M,105.114M,8303693,-8.04,13.0,11.96,-1.42,13.85,13.39,-14.77,11.53,10.48
GCV,Quarterly,US Equity-Growth & Income,20130823,6.17,1.62,6.27,Missing,Missing,108.397M,84.270M,13756143,-2.42,5.96,5.82,4.15,6.41,6.59,-7.41,5.44,5.04
GDF,Monthly,Non-US/Other-Global Income,20130823,11.41,-8.41,10.45,10.05,0.0875,231.585M,175.999M,15570266,4.47,12.27,12.83,13.03,12.74,13.88,-8.96,11.31,10.36
GDL,Quarterly,Non-US/Other-Global Equity,20130823,13.14,-13.01,11.43,Missing,Missing,421.881M,277.862M,21046179,-12.21,13.3,11.67,-9.66,13.84,12.23,-15.91,12.88,11.15
GDO,Monthly,Taxable Income-Investment Grade,20130823,19.78,-11.83,17.44,7.91,0.1150,353.560M,303.560M,15346776,-4.2,20.59,19.74,1.0,21.16,21.18,-13.55,19.61,17.2
GDV,Monthly,US Equity-Equity Tax-Advantaged,20130823,22.05,-9.89,19.87,Missing,Missing,2288.000M,1828.742M,82925389,-10.43,20.14,18.05,-7.99,22.79,20.52,-14.02,17.32,14.97
GEQ,Quarterly,US Equity-General Equity,20130823,19.75,-10.28,17.72,9.94,0.4375,208.460M,173.460M,8770121,-5.23,19.62,18.59,1.65,20.19,19.95,-11.73,18.59,17.0
GF,Semi-Annual,Non-US/Other-Other Non-US Equity,20130823,22.12,-10.04,19.9,3.19,nbsp,360.708M,354.383M,16091334,-10.56,18.77,16.74,-7.35,21.89,19.93,-13.12,15.96,14.3
GFY,Monthly,Taxable Income-Multi-Sector,20130823,18.63,-10.09,16.75,5.18,0.0725,133.075M,129.083M,6667962,-3.74,18.76,18.06,3.45,19.27,19.53,-11.04,18.14,16.68
GGE,Quarterly,US Equity-Growth & Income,20130823,18.8,-8.09,17.28,11.24,0.4850,123.404M,93.419M,4993991,-7.06,19.27,17.92,-2.99,20.12,19.27,-12.57,17.93,15.85
GGN,Monthly,US Equity-Energy/Resources,20130823,10.91,2.2,11.15,Missing,Missing,1038.546M,939.654M,85949221,1.35,12.26,12.45,4.7,14.32,14.73,-6.14,9.77,9.17
GGT,Quarterly,Non-US/Other-Global Equity,20130823,9.78,-2.97,9.49,8.41,0.2000,211.612M,176.834M,18072908,-2.57,8.83,8.61,6.77,10.01,10.06,-10.72,7.65,6.83
GHI,Monthly,Non-US/Other-Emerging Market Income,20130823,11.5,-14.35,9.85,Missing,Missing,245.801M,245.800M,21591836,-5.87,13.17,12.42,-2.05,13.83,13.3,-15.0,11.42,9.75
GIM,Monthly,Non-US/Other-Global Income,20130823,8.42,-4.87,8.01,5.26,0.0350,1124.787M,1124.785M,134007303,1.67,9.11,9.26,7.09,9.53,9.82,-7.38,8.4,7.78
GLO,Quarterly,Non-US/Other-Global Growth & Income,20130823,14.51,-14.54,12.4,8.74,0.2700,1414.951M,744.310M,51736859,-12.39,14.01,12.27,-9.8,15.25,13.51,-15.94,12.39,10.71
GLQ,Quarterly,Non-US/Other-Global Equity,20130823,16.75,-13.25,14.53,8.10,0.2900,559.540M,299.049M,17840705,-12.65,15.91,13.9,-9.35,17.53,15.6,-16.24,13.92,11.66
GLU,Monthly,US Equity-Utilities,20130823,20.73,-5.89,19.51,Missing,Missing,64.011M,64.011M,3087882,-1.19,21.1,20.82,7.78,22.9,23.97,-9.24,19.45,18.35
GLV,Quarterly,Non-US/Other-Global Growth & Income,20130823,17.25,-14.96,14.67,8.18,0.3000,334.991M,178.484M,10434606,-13.4,16.65,14.41,-11.28,18.12,15.97,-16.14,14.73,12.4
GNT,Monthly,US Equity-Covered Call,20130823,11.67,3.34,12.06,12.17,0.1200,243.072M,243.072M,20893043,4.14,12.97,13.56,11.89,14.85,16.06,-6.48,10.81,10.11
GOF,Monthly,US Equity-Growth & Income,20130823,20.19,6.49,21.5,10.11,0.1821,409.334M,285.267M,14211347,8.11,20.47,22.14,13.67,21.21,24.11,0.91,19.54,19.98
GPM,Quarterly,US Equity-Covered Call,20130823,9.16,-5.57,8.65,11.14,0.2400,246.046M,175.046M,19054684,-4.23,9.3,8.91,0.64,9.85,9.53,-9.01,8.71,8.02
GRF,Annual,US Equity-General Equity,20130823,8.79,-8.99,8.0,4.50,0.3600,27.496M,27.496M,3125124,-12.14,8.19,7.23,-6.7,8.99,8.26,-16.54,7.52,6.47
GRR,Annual,Non-US/Other-Asia Equity,20130823,12.33,-10.3,11.06,0.18,0.0202,49.568M,49.568M,3988770,-8.92,13.92,12.69,-4.89,15.99,14.92,-13.59,12.28,10.75
GRX,Annual,US Equity-Health/Biotech,20130823,11.01,-8.27,10.1,2.99,nbsp,153.871M,123.871M,11217460,-9.83,10.64,9.59,-1.57,11.98,11.32,-15.03,9.44,8.45
GUT,Monthly,US Equity-Utilities,20130823,5.77,12.13,6.47,Missing,Missing,290.211M,238.879M,41463745,21.96,5.72,6.92,51.18,6.2,8.33,9.75,5.09,6.08
HAV,Monthly,Taxable Income-High Yield,20130823,9.17,-12.21,8.05,9.34,0.0625,83.465M,59.777M,6553393,-4.65,9.3,8.87,1.11,9.71,9.29,-14.07,8.95,7.88
HHY,Monthly,Taxable Income-High Yield,20130823,10.24,-7.71,9.45,9.55,0.0750,100.058M,69.673M,6846810,-1.38,10.4,10.25,7.5,10.87,11.03,-10.4,9.98,9.14
HIF,Missing,Missing,20130621,9.54,-8.07,8.77,5.48,0.0400,50.105M,50.103M,5268336,-0.56,9.61,9.55,5.42,9.96,9.83,-8.89,9.1,8.7
HIH,Monthly,Taxable Income-High Yield,20130823,8.74,-9.84,7.88,9.15,0.0600,59.638M,42.221M,4856958,-3.53,8.84,8.53,2.07,9.23,8.95,-11.68,8.53,7.73
HIO,Monthly,Taxable Income-High Yield,20130823,6.32,-9.65,5.71,7.89,0.0390,526.411M,526.409M,83688632,-0.17,6.39,6.38,8.28,6.58,6.8,-10.85,6.18,5.63
HIS,Monthly,Taxable Income-High Yield,20130823,2.24,-10.27,2.01,8.52,0.0142,166.281M,122.316M,54824195,0.2,2.3,2.31,9.69,2.4,2.49,-12.0,2.21,1.98
HIX,Monthly,Taxable Income-High Yield,20130823,9.09,-2.2,8.89,10.10,0.0750,1001.177M,777.010M,86013319,6.21,9.29,9.87,17.59,9.66,10.74,-5.63,8.9,8.65
HMH,Monthly,Taxable Income-High Yield,20130823,6.34,-11.83,5.59,9.19,0.0425,67.739M,47.948M,7595018,-4.82,6.42,6.1,2.22,6.7,6.46,-13.09,6.19,5.51
HNW,Monthly,Taxable Income-High Yield,20130823,19.84,-1.81,19.48,9.78,0.1600,232.424M,163.417M,8290790,3.94,20.2,20.99,9.86,20.92,22.59,-2.9,19.46,19.2
HPF,Monthly,Taxable Income-Preferreds,20130823,19.45,-3.91,18.69,9.02,0.1400,590.102M,359.255M,21237270,1.78,21.73,22.14,7.22,22.7,24.34,-6.4,18.71,18.02
HPI,Monthly,Taxable Income-Preferreds,20130823,19.53,-5.17,18.52,9.07,0.1400,781.295M,498.482M,25973222,2.03,21.83,22.3,7.72,22.82,24.42,-7.63,18.75,18.02
HPS,Monthly,Taxable Income-Preferreds,20130823,17.2,-4.71,16.39,8.93,0.1222,821.412M,519.612M,31546633,0.76,19.0,19.16,4.95,19.87,20.49,-6.56,16.6,15.95
HQH,Quarterly,US Equity-Health/Biotech,20130823,24.03,-2.21,23.5,Missing,Missing,661.118M,661.118M,27445077,-2.84,20.7,20.12,5.2,25.0,25.83,-8.45,17.91,16.85
HQL,Quarterly,US Equity-Health/Biotech,20130823,19.33,-3.31,18.69,Missing,Missing,287.627M,287.627M,14856356,-0.88,16.76,16.61,8.01,20.06,20.23,-8.36,14.59,13.37
HSA,Monthly,Taxable Income-High Yield,20130823,6.84,-13.6,5.91,8.16,0.0400,56.218M,40.275M,5930400,-8.94,6.98,6.36,-5.26,7.27,6.74,-15.08,6.7,5.8
HTD,Monthly,US Equity-Equity Tax-Advantaged,20130823,19.96,-12.07,17.55,Missing,Missing,1166.066M,747.166M,37734746,-7.77,20.73,19.12,-4.04,22.64,21.32,-12.21,19.2,16.97
HTR,Monthly,Taxable Income-Mortgage Bond,20130823,25.16,-10.61,22.49,10.11,0.1900,480.281M,349.964M,13960683,-3.32,25.42,24.57,4.06,26.83,27.91,-10.77,24.37,22.45
HTY,Quarterly,US Equity-Equity Tax-Advantaged,20130823,11.92,1.59,12.11,10.53,0.3200,113.059M,113.059M,9496556,5.98,11.9,12.61,13.46,12.43,13.66,0.43,11.25,11.5
HYB,Monthly,Taxable Income-High Yield,20130823,10.41,-12.49,9.11,8.55,0.0650,242.050M,156.675M,23325180,-1.76,10.66,10.46,12.28,11.19,11.61,-13.26,10.29,9.03
HYF,Monthly,Taxable Income-High Yield,20130823,2.17,-12.44,1.9,9.47,0.0150,176.193M,116.233M,62153062,-4.42,2.24,2.14,4.63,2.34,2.29,-12.9,2.14,1.89
HYI,Monthly,Taxable Income-High Yield,20130823,18.99,-9.53,17.18,9.08,0.1300,430.608M,430.607M,22771184,-2.33,19.17,18.71,7.82,19.88,19.9,-10.02,18.26,17.07
HYT,Monthly,Taxable Income-High Yield,20130823,12.61,-10.31,11.31,8.56,0.0805,622.252M,444.395M,35414156,-0.92,12.75,12.63,6.58,13.37,13.31,-11.09,12.26,11.22
HYV,Monthly,Taxable Income-High Yield,20130823,12.96,-10.34,11.62,8.84,0.0855,599.651M,425.791M,33015111,-1.49,13.08,12.88,7.7,13.72,13.59,-10.81,12.56,11.55
IAE,Quarterly,Non-US/Other-Asia Equity,20130823,13.72,-7.36,12.71,11.13,0.3550,174.865M,174.865M,12649207,-0.85,15.2,15.09,7.96,16.1,17.15,-9.67,13.59,12.43
IAF,Quarterly,Non-US/Other-Other Non-US Equity,20130823,8.98,11.36,10.0,Missing,Missing,203.055M,203.055M,22574121,5.89,9.89,10.47,16.48,10.89,11.93,0.21,8.43,9.5
ICB,Monthly,Taxable Income-Investment Grade,20130823,18.74,-13.71,16.17,4.27,0.0575,167.766M,167.764M,9028744,-7.33,19.55,18.13,-1.43,20.15,19.37,-13.27,18.64,16.18
IDE,Quarterly,Non-US/Other-Global Equity,20130823,18.14,-9.21,16.47,9.82,0.4050,359.419M,359.419M,19805000,-5.34,18.02,17.06,1.42,18.79,17.99,-13.05,17.0,14.79
IF,Semi-Annual,Non-US/Other-Asia Equity,20130823,11.69,-13.09,10.16,1.09,nbsp,110.117M,110.117M,9485247,-10.11,14.05,12.65,-5.33,15.7,14.12,-15.0,11.58,10.11
IFN,Semi-Annual,Non-US/Other-Asia Equity,20130823,20.11,-10.24,18.05,0.81,nbsp,760.377M,760.377M,36859859,-12.15,24.27,21.32,-8.53,27.2,23.98,-16.24,21.29,18.15
IGA,Quarterly,US Equity-Covered Call,20130823,13.02,-7.68,12.02,9.37,0.2800,239.215M,239.215M,18340467,-4.91,12.78,12.16,5.35,13.39,13.85,-13.55,12.03,10.4
IGD,Monthly,US Equity-Covered Call,20130823,9.91,-4.54,9.46,10.66,0.0840,968.767M,968.767M,97548925,-6.27,9.76,9.15,-2.22,10.12,9.74,-13.25,9.13,7.92
IGI,Monthly,Taxable Income-Investment Grade,20130823,21.02,-5.52,19.86,6.02,0.1000,224.199M,224.197M,10761122,1.26,22.26,22.56,6.97,22.87,24.24,-5.62,20.9,19.85
IGR,Monthly,US Equity-Real Estate (Global),20130823,8.94,-10.63,7.99,Missing,Missing,1061.204M,1039.765M,116590494,-5.55,9.64,9.11,-0.1,10.72,10.35,-13.1,8.87,7.76
IHD,Quarterly,Non-US/Other-Emerging Market Equity,20130823,12.59,-2.46,12.28,11.72,0.3600,245.356M,245.356M,19447532,2.31,13.95,14.28,9.11,14.87,15.56,-6.21,12.16,12.0
IID,Monthly,Non-US/Other-Global Equity Dividend,20130823,9.2,-0.22,9.18,10.05,0.0770,77.354M,77.354M,8387056,3.32,9.34,9.65,10.99,9.79,10.37,-7.98,8.69,8.19
IIF,Semi-Annual,Non-US/Other-Asia Equity,20130823,16.09,-11.93,14.17,nbsp,nbsp,302.521M,302.521M,18617573,-12.19,19.56,17.19,-8.84,21.41,19.08,-15.46,15.68,13.56
IIM,Monthly,Tax-Free Income-National,20130823,14.35,-6.06,13.48,Missing,Missing,815.374M,671.841M,47027949,-3.64,16.33,15.76,2.28,17.2,17.11,-11.13,14.35,13.06
IMF,Monthly,Taxable Income-Government,20130823,18.06,-11.07,16.06,3.73,0.0500,126.167M,126.166M,7062862,-7.83,19.66,18.13,-5.31,20.38,19.17,-11.38,17.92,16.16
INB,Quarterly,US Equity-Covered Call,20130823,11.5,-9.04,10.46,10.72,0.2800,335.538M,265.738M,23032573,-5.92,11.56,10.87,-0.08,12.16,12.02,-12.53,10.74,9.56
INF,Monthly,Non-US/Other-Global Equity,20130823,22.63,-2.25,22.12,6.34,0.1167,228.528M,175.527M,7755240,-5.69,22.56,21.29,1.05,24.94,24.56,-11.12,20.12,18.07
IQI,Monthly,Tax-Free Income-National,20130823,11.98,-6.84,11.16,Missing,Missing,844.778M,630.465M,52883797,-3.09,13.87,13.47,3.93,14.67,14.82,-10.74,11.98,10.8
IRL,Annual,Non-US/Other-Other Non-US Equity,20130823,13.48,-13.58,11.65,0.17,nbsp,68.056M,68.056M,5034322,-12.6,11.16,9.73,-7.25,13.51,11.71,-15.53,8.68,7.58
IRR,Quarterly,US Equity-Covered Call,20130823,11.39,-10.1,10.24,11.01,0.2800,259.530M,259.530M,22766049,-7.21,11.68,10.84,0.51,12.46,12.15,-11.27,11.05,10.02
ISD,Monthly,Taxable Income-High Yield,20130823,18.81,-6.8,17.53,8.42,0.1225,830.720M,621.697M,33245225,1.88,19.21,19.58,8.49,19.53,20.95,-8.73,18.55,17.14
ISL,Annual,Non-US/Other-Other Non-US Equity,20130823,17.49,-14.24,15.0,1.17,0.1745,73.854M,73.854M,4214167,-14.1,16.15,13.86,-11.72,17.91,15.69,-16.69,13.55,11.78
JCE,Quarterly,US Equity-General Equity,20130823,16.75,-6.75,15.62,Missing,Missing,268.551M,268.551M,16021686,-6.86,15.76,14.68,-1.65,17.23,16.18,-10.46,14.3,12.84
JDD,Quarterly,Non-US/Other-Global Growth & Income,20130823,12.65,-13.44,10.95,Missing,Missing,365.712M,249.699M,19941811,-3.19,12.82,12.41,3.49,13.87,14.23,-13.62,11.97,10.78
JEQ,Annual,Non-US/Other-Asia Equity,20130823,7.21,-7.63,6.66,0.98,0.0646,104.113M,104.113M,14335432,-9.53,6.52,5.89,-4.53,7.8,7.27,-13.6,5.48,4.85
JFC,Annual,Non-US/Other-Asia Equity,20130823,15.78,-11.72,13.93,0.75,0.1040,106.736M,101.736M,6447637,-11.31,15.41,13.67,-7.82,16.79,14.96,-14.37,13.39,11.8
JFR,Monthly,Taxable Income-Senior Loan,20130823,12.44,-3.54,12.0,6.98,0.0700,977.255M,682.023M,55120176,2.5,12.36,12.68,9.55,12.66,13.65,-3.86,11.96,11.76
JGG,Quarterly,Non-US/Other-Global Income,20130823,13.57,-14.08,11.66,Missing,Missing,186.734M,125.728M,9350418,-7.64,15.05,13.92,-4.21,15.74,14.82,-13.99,13.42,11.67
JGT,Quarterly,Non-US/Other-Global Income,20130823,12.69,-16.31,10.62,Missing,Missing,597.420M,457.158M,47601871,-11.69,14.27,12.63,-8.19,14.99,13.45,-18.06,12.55,10.48
JGV,Quarterly,Non-US/Other-Global Equity,20130823,14.65,-11.6,12.95,Missing,Missing,281.794M,281.794M,19213109,-8.2,15.5,14.25,-3.68,16.72,15.48,-12.23,13.67,12.03
JHI,Quarterly,Taxable Income-Investment Grade,20130823,19.41,-0.1,19.39,8.56,0.4136,253.556M,167.713M,8701328,9.87,20.29,22.3,24.3,20.93,24.86,-3.86,19.19,18.67
JHP,Monthly,Taxable Income-Preferreds,20130823,8.94,-11.41,7.92,7.88,0.0520,299.493M,210.483M,23730657,-4.68,9.3,8.86,5.51,9.74,9.42,-12.98,8.86,7.71
JHS,Quarterly,Taxable Income-Investment Grade,20130823,15.04,-8.18,13.81,7.55,0.2591,265.047M,174.806M,11729058,2.82,15.73,16.18,11.91,16.23,17.95,-8.08,14.9,13.76
JLA,Quarterly,US Equity-Covered Call,20130823,13.84,-10.04,12.45,Missing,Missing,358.505M,358.505M,25853100,-9.11,13.66,12.42,-6.6,14.01,13.04,-13.99,13.08,11.25
JLS,Monthly,Taxable Income-Mortgage Bond,20130823,26.12,-8.92,23.79,8.03,0.1585,560.392M,413.218M,15888417,1.78,26.93,27.42,8.81,28.52,30.15,-10.11,25.03,23.46
JMF,Quarterly,US Equity-MLP,20130823,19.95,-2.31,19.49,Missing,Missing,1071.621M,788.620M,39392389,2.44,18.94,19.4,7.99,20.84,22.02,-3.69,16.5,16.72
JMT,Monthly,Taxable Income-Mortgage Bond,20130823,26.34,-10.44,23.59,8.13,0.1595,174.173M,127.996M,4871277,0.82,27.21,27.43,7.22,28.76,29.95,-10.94,25.24,23.44
JOF,Annual,Non-US/Other-Asia Equity,20130823,9.67,-6.51,9.04,1.29,0.0810,274.190M,274.190M,28333893,-9.66,8.85,8.02,-1.29,10.35,9.8,-15.38,7.76,6.71
JPC,Missing,Taxable Income-Preferreds,20130823,9.95,-11.46,8.81,Missing,Missing,1359.377M,956.833M,96990341,-4.87,10.36,9.86,-1.4,10.91,10.69,-12.68,9.84,8.61
JPG,Quarterly,US Equity-Covered Call,20130823,15.25,-8.26,13.99,Missing,Missing,247.952M,247.952M,16234942,-8.78,14.89,13.59,-6.46,15.45,14.23,-13.47,14.11,12.21
JPS,Monthly,Taxable Income-Preferreds,20130823,9.2,-11.85,8.11,8.18,0.0550,1563.063M,1099.013M,120393013,-4.05,9.59,9.2,2.34,10.02,9.87,-14.13,9.13,7.84
JPZ,Quarterly,US Equity-Covered Call,20130823,13.61,-8.89,12.4,Missing,Missing,526.841M,526.841M,38639881,-7.13,13.48,12.52,-4.56,13.82,13.19,-11.81,12.95,11.42
JQC,Missing,Taxable Income-Senior Loan,20130823,10.02,-3.79,9.64,Missing,Missing,1920.220M,1359.159M,136256398,-0.32,10.0,9.98,4.32,10.29,10.62,-6.72,9.67,9.02
JRI,Quarterly,US Equity-Real Estate (Global),20130823,20.24,-12.2,17.77,8.28,0.3675,279.637M,192.137M,9500000,-7.89,20.9,19.25,-1.99,22.52,20.78,-12.35,19.64,17.71
JRO,Monthly,Taxable Income-Senior Loan,20130823,12.46,-2.73,12.12,7.23,0.0730,677.779M,475.857M,38395325,4.33,12.34,12.88,10.23,12.66,13.8,-3.7,11.92,11.98
JRS,Quarterly,US Equity-Real Estate (US),20130823,10.07,2.58,10.33,Missing,Missing,423.862M,286.361M,28615375,7.79,10.85,11.71,15.19,12.15,13.8,-2.97,9.65,9.79
JSN,Quarterly,US Equity-Covered Call,20130823,13.55,-8.93,12.34,Missing,Missing,902.249M,902.249M,66492444,-6.95,13.39,12.46,-4.48,13.72,13.08,-11.6,12.85,11.36
JTA,Quarterly,US Equity-Equity Tax-Advantaged,20130823,13.66,-6.73,12.74,Missing,Missing,266.105M,189.105M,13864845,-7.44,12.55,11.62,-3.04,13.97,13.4,-12.38,11.07,9.7
JTD,Quarterly,US Equity-Equity Tax-Advantaged,20130823,16.36,-8.86,14.91,Missing,Missing,337.331M,236.331M,14490940,-5.36,15.83,14.97,-1.52,17.02,16.23,-10.04,14.44,12.99
JTP,Monthly,Taxable Income-Preferreds,20130823,8.65,-11.68,7.64,7.86,0.0500,788.905M,554.880M,64663448,-3.98,9.03,8.67,1.81,9.46,9.35,-13.89,8.57,7.38
KED,Quarterly,US Equity-MLP,20130823,27.52,-2.0,26.97,6.54,0.4400,351.911M,291.911M,10430545,3.16,25.67,26.08,15.51,28.19,27.77,-9.82,22.79,23.76
KEF,Annual,Non-US/Other-Asia Equity,20130823,8.85,-9.27,8.03,nbsp,nbsp,87.026M,87.026M,9740623,-9.58,9.86,8.92,-6.18,11.12,10.03,-13.16,8.27,7.33
KF,Annual,Non-US/Other-Asia Equity,20130823,39.35,-7.78,36.29,nbsp,nbsp,357.988M,357.988M,9005250,-8.95,42.11,38.36,-5.67,46.52,42.3,-11.46,36.56,32.37
KHI,Monthly,Taxable Income-High Yield,20130823,9.79,-9.4,8.87,8.16,0.0600,233.836M,158.968M,16333173,1.02,10.04,10.14,10.91,10.46,11.02,-10.41,9.63,8.78
KMF,Quarterly,US Equity-MLP,20130823,34.3,-4.37,32.8,5.43,0.4550,1069.722M,763.722M,21895242,-0.75,31.61,31.57,5.52,35.7,36.35,-6.44,27.08,26.4
KMM,Monthly,Non-US/Other-Global Income,20130823,9.74,10.88,10.8,7.84,0.0700,352.201M,237.259M,24488347,5.82,10.26,10.87,15.21,10.65,11.97,-5.29,9.65,9.22
KSM,Monthly,Tax-Free Income-National,20130823,12.32,-0.57,12.25,Missing,Missing,206.072M,136.078M,11106707,6.03,13.86,14.72,12.49,14.5,15.61,-4.51,12.31,11.85
KST,Monthly,Non-US/Other-Global Income,20130823,13.66,-4.47,13.05,7.85,0.0850,95.689M,63.705M,4694846,1.04,14.31,14.47,10.37,14.87,15.86,-9.11,13.53,12.44
KTF,Monthly,Tax-Free Income-National,20130823,12.34,-1.94,12.1,Missing,Missing,670.979M,471.994M,39272911,2.13,13.95,14.27,9.55,14.75,15.53,-7.05,12.33,11.61
KYE,Quarterly,US Equity-MLP,20130823,28.63,3.46,29.62,6.48,0.4800,1495.550M,1035.550M,35725080,2.03,27.36,28.04,6.98,30.48,31.46,-4.41,23.49,24.05
KYN,Quarterly,US Equity-MLP,20130823,33.28,8.8,36.21,6.16,0.5800,4555.385M,2997.384M,88431413,8.4,30.93,33.62,15.29,35.0,38.92,3.01,26.44,28.68
LAQ,Semi-Annual,Non-US/Other-Latin American Equity,20130823,34.44,-11.09,30.62,1.34,nbsp,254.976M,254.976M,7448517,-9.31,38.72,35.14,-7.32,41.88,38.09,-11.83,32.8,29.57
LBF,Monthly,Non-US/Other-Emerging Market Income,20130823,8.92,-13.79,7.69,7.41,0.0475,93.443M,62.497M,7065117,-9.57,9.64,8.73,-5.97,10.02,9.22,-15.13,8.83,7.63
LCM,Quarterly,Non-US/Other-Global Growth & Income,20130823,11.26,-14.12,9.67,8.67,0.2100,201.717M,151.756M,13603025,-11.34,10.95,9.7,-9.47,11.74,10.43,-14.45,10.13,8.78
LDF,Semi-Annual,Non-US/Other-Latin American Equity,20130823,14.78,-10.76,13.19,4.33,0.1236,101.185M,101.185M,6849021,-9.29,16.53,15.01,-6.3,17.92,16.6,-11.19,14.11,12.76
LEO,Monthly,Tax-Free Income-National,20130823,7.88,-2.41,7.69,Missing,Missing,716.061M,502.584M,61849399,2.34,9.1,9.33,8.46,9.61,10.17,-6.68,7.88,7.41
LGI,Monthly,Non-US/Other-Global Growth & Income,20130823,18.55,-12.24,16.28,6.70,0.0907,200.549M,176.165M,9605237,-11.32,17.99,15.95,-8.32,19.61,17.97,-14.11,16.28,14.06
LOR,Monthly,Non-US/Other-Global Growth & Income,20130823,14.38,-10.01,12.94,7.24,0.0782,109.044M,97.888M,6880183,-9.15,14.38,13.08,-3.55,15.49,14.47,-14.13,13.12,11.44
MAB,Monthly,Tax-Free Income-Massachusetts,20130823,12.95,-3.09,12.55,Missing,Missing,36.344M,22.767M,1768514,-0.89,15.34,15.24,10.23,16.48,17.99,-10.84,12.94,11.85
MAV,Monthly,Tax-Free Income-High Yield,20130823,11.63,11.69,12.99,Missing,Missing,420.900M,270.878M,23406918,15.08,13.36,15.39,18.8,14.0,16.31,5.35,11.63,12.4
MCA,Monthly,Tax-Free Income-California,20130823,14.35,-4.67,13.68,Missing,Missing,658.012M,491.168M,34396651,-2.77,16.33,15.91,2.27,17.18,17.14,-9.59,14.35,13.1
MCI,Quarterly,Taxable Income-High Yield,20130823,13.85,16.17,16.09,7.53,0.3000,288.807M,258.831M,19167534,21.58,13.64,16.41,33.72,13.94,17.89,10.11,12.78,15.12
MCN,Quarterly,US Equity-Covered Call,20130823,9.17,-12.87,7.99,9.01,0.1800,176.785M,176.785M,19268423,-10.6,8.9,7.96,-7.94,9.22,8.3,-13.51,8.27,7.23
MCR,Monthly,Non-US/Other-Global Income,20130823,9.99,-13.51,8.64,7.08,0.0510,645.186M,545.244M,54887126,-3.98,10.36,9.95,0.76,10.63,10.58,-14.8,9.93,8.52
MEN,Monthly,Tax-Free Income-National,20130823,10.77,-1.86,10.57,Missing,Missing,459.246M,316.668M,29544827,0.11,12.31,12.35,4.76,12.98,13.36,-7.48,10.77,10.28
MFD,Quarterly,US Equity-Utilities,20130823,16.32,-9.31,14.8,9.45,0.3500,186.927M,139.428M,8533285,-3.71,16.41,15.8,2.16,17.46,17.3,-9.85,15.48,14.0
MFL,Monthly,Tax-Free Income-National,20130823,13.25,-4.75,12.62,Missing,Missing,773.551M,363.967M,37807776,-1.64,15.62,15.41,5.27,16.77,17.16,-11.29,13.25,11.86
MFM,Monthly,Tax-Free Income-High Yield,20130823,6.55,-6.72,6.11,Missing,Missing,382.320M,268.596M,41187631,1.46,7.36,7.49,11.13,7.68,8.29,-10.88,6.55,5.9
MFT,Monthly,Tax-Free Income-National,20130823,13.11,-5.64,12.37,Missing,Missing,167.118M,110.528M,8472077,-2.71,15.44,15.07,5.4,16.59,16.79,-11.79,13.11,11.83
MFV,Monthly,US Equity-Growth & Income,20130823,6.89,0.58,6.93,Missing,Missing,47.693M,47.691M,6954041,4.33,6.97,7.27,13.29,7.19,7.84,-3.29,6.7,6.48
MGF,Monthly,Taxable Income-Multi-Sector,20130823,6.23,-10.27,5.59,Missing,Missing,201.815M,201.813M,32601117,-1.59,6.68,6.59,6.32,6.96,7.4,-10.77,6.21,5.55
MGU,Quarterly,US Equity-Utilities,20130823,23.61,-12.24,20.72,6.16,0.3200,436.250M,327.339M,13853659,-10.27,22.67,20.34,-7.62,25.14,22.72,-12.95,20.13,18.11
MHD,Monthly,Tax-Free Income-National,20130823,14.97,-0.4,14.91,Missing,Missing,294.057M,210.261M,14123440,2.49,17.63,18.1,8.7,18.88,19.92,-7.14,14.96,14.51
MHE,Monthly,Tax-Free Income-Massachusetts,20130823,12.33,-3.49,11.9,Missing,Missing,47.459M,28.967M,2360800,4.09,14.08,14.69,15.12,14.93,16.67,-8.25,12.33,11.6
MHF,Monthly,Tax-Free Income-National,20130823,7.35,-8.71,6.71,Missing,Missing,158.263M,158.261M,21600403,-1.63,8.07,7.96,11.07,8.3,9.03,-12.11,7.35,6.53
MHI,Monthly,Tax-Free Income-High Yield,20130823,12.88,4.89,13.51,Missing,Missing,390.394M,289.384M,22564036,8.62,14.44,15.7,12.71,15.01,16.76,1.46,12.88,13.19
MHN,Monthly,Tax-Free Income-New York,20130823,13.14,-3.88,12.63,Missing,Missing,650.325M,406.383M,31104560,0.44,15.22,15.31,6.5,16.11,17.04,-7.54,13.13,12.26
MHY,Monthly,Taxable Income-High Yield,20130823,6.11,-10.64,5.46,8.12,0.0370,287.034M,287.032M,47203436,-0.12,6.18,6.17,12.19,6.37,6.72,-11.07,5.97,5.46
MIN,Monthly,Non-US/Other-Global Income,20130823,5.74,-9.23,5.21,9.55,0.0418,673.584M,673.583M,117925635,2.15,6.08,6.22,8.74,6.28,6.75,-10.28,5.73,5.15
MIW,Monthly,Tax-Free Income-Michigan,20130823,12.53,-4.95,11.91,Missing,Missing,32.254M,18.936M,1514065,-2.14,14.66,14.38,7.98,15.44,16.3,-13.61,12.57,11.15
MIY,Monthly,Tax-Free Income-Michigan,20130823,13.49,-7.71,12.45,Missing,Missing,390.007M,245.460M,18242638,-3.14,15.81,15.35,3.91,16.69,17.02,-12.46,13.52,12.04
MJI,Monthly,Tax-Free Income-New Jersey,20130823,13.72,-3.86,13.19,Missing,Missing,185.929M,121.535M,8895127,-1.53,15.94,15.74,6.11,16.92,17.37,-9.3,13.72,12.58
MMD,Monthly,Tax-Free Income-National,20130823,16.18,-1.3,15.97,Missing,Missing,516.109M,446.109M,27554564,-0.25,19.61,19.6,4.18,20.94,21.2,-7.81,16.19,15.22
MMT,Monthly,Non-US/Other-Global Income,20130823,7.29,-13.03,6.34,7.00,0.0370,668.480M,568.539M,78378104,-5.75,7.63,7.19,-1.42,7.83,7.67,-13.85,7.24,6.28
MMU,Monthly,Tax-Free Income-National,20130823,12.35,-4.94,11.74,Missing,Missing,725.685M,475.722M,42786017,1.56,14.07,14.32,10.35,14.81,16.21,-8.66,12.34,11.5
MMV,Monthly,Tax-Free Income-Massachusetts,20130823,13.16,-4.33,12.59,Missing,Missing,56.098M,36.043M,2750521,-2.73,15.23,14.84,5.28,16.2,16.94,-10.7,13.17,12.2
MNE,Monthly,Tax-Free Income-New York,20130823,14.15,-7.35,13.11,Missing,Missing,88.836M,59.246M,4209094,-3.17,15.68,15.21,1.98,16.36,16.53,-10.56,14.14,12.78
MNP,Monthly,Tax-Free Income-National,20130823,14.59,-8.09,13.41,Missing,Missing,226.280M,141.293M,9719063,-0.15,16.45,16.46,7.43,17.32,18.24,-11.04,14.61,13.14
MPA,Monthly,Tax-Free Income-Pennsylvania,20130823,14.02,-5.99,13.18,Missing,Missing,226.760M,160.381M,11504433,-4.91,16.24,15.48,2.29,17.16,17.01,-12.26,14.01,12.37
MPV,Quarterly,Taxable Income-High Yield,20130823,12.9,10.0,14.19,7.77,0.2700,142.770M,127.781M,10152113,14.74,12.74,14.49,33.31,13.05,15.97,7.98,11.98,13.81
MQT,Monthly,Tax-Free Income-National,20130823,12.42,-5.64,11.72,Missing,Missing,395.645M,279.045M,22558009,-1.35,14.3,14.13,5.75,15.1,15.86,-9.97,12.43,11.29
MQY,Monthly,Tax-Free Income-National,20130823,14.16,-3.74,13.63,Missing,Missing,608.693M,431.932M,30650871,1.57,16.39,16.69,8.74,17.33,18.38,-8.33,14.16,13.1
MRF,Monthly,Taxable Income-Mortgage Bond,20130823,8.29,-11.94,7.3,7.25,0.0440,90.342M,82.397M,9464150,-3.5,8.57,8.27,1.99,8.75,8.81,-12.79,8.27,7.23
MSD,Quarterly,Non-US/Other-Emerging Market Income,20130823,11.26,-14.39,9.64,5.80,0.1400,281.654M,248.215M,23669536,-7.88,12.62,11.64,-3.59,13.25,12.5,-14.57,11.21,9.68
MSF,Annual,Non-US/Other-Emerging Market Equity,20130823,15.93,-9.17,14.47,0.94,0.0526,238.208M,233.789M,14612934,-9.78,16.79,15.15,-6.92,18.07,16.34,-11.57,15.3,13.67
MSP,Quarterly,US Equity-Covered Call,20130823,13.55,-14.02,11.65,Missing,Missing,78.713M,78.713M,5798291,-12.03,13.21,11.62,-8.63,13.6,12.19,-15.13,12.56,10.66
MTS,Quarterly,Taxable Income-Investment Grade,20130823,17.6,-12.9,15.33,4.71,0.1800,183.512M,181.308M,10375675,-8.55,18.38,16.81,-5.78,18.94,17.76,-12.82,17.53,15.33
MTT,Monthly,Tax-Free Income-National,20130823,21.52,-4.69,20.51,Missing,Missing,258.596M,258.595M,12065728,0.84,22.91,23.13,7.75,23.53,25.11,-7.92,21.5,20.17
MUA,Monthly,Tax-Free Income-National,20130823,12.6,-6.43,11.79,Missing,Missing,449.098M,434.024M,35783679,-2.88,13.98,13.59,2.46,14.44,14.6,-11.32,12.59,11.28
MUC,Monthly,Tax-Free Income-California,20130823,14.05,-5.48,13.28,Missing,Missing,827.048M,572.787M,40972449,-1.6,16.1,15.88,3.78,16.97,17.61,-10.37,14.05,12.71
MUE,Monthly,Tax-Free Income-National,20130823,12.79,-3.44,12.35,Missing,Missing,417.396M,286.295M,22494997,-0.07,14.9,14.92,4.92,15.89,16.18,-7.95,12.79,12.15
MUH,Monthly,Tax-Free Income-National,20130823,14.07,-3.84,13.53,Missing,Missing,213.207M,158.119M,11300218,0.52,16.48,16.61,8.21,17.6,18.35,-8.13,14.06,13.17
MUI,Monthly,Tax-Free Income-National,20130823,14.46,-2.9,14.04,Missing,Missing,838.214M,551.096M,38296266,-0.82,16.27,16.17,7.06,17.19,17.81,-8.35,14.46,13.42
MUJ,Monthly,Tax-Free Income-New Jersey,20130823,14.0,-5.21,13.27,Missing,Missing,469.403M,296.752M,21299027,-2.53,16.12,15.75,4.03,17.08,17.29,-10.01,14.0,12.87
MUS,Monthly,Tax-Free Income-National,20130823,12.77,-7.44,11.82,Missing,Missing,252.337M,165.292M,13009717,-1.25,14.9,14.76,10.97,15.93,17.0,-11.37,12.77,11.42
MVF,Monthly,Tax-Free Income-National,20130823,9.13,0.55,9.18,Missing,Missing,823.890M,579.339M,63838996,3.86,10.47,10.89,9.39,11.06,11.87,-6.07,9.12,8.66
MVT,Monthly,Tax-Free Income-National,20130823,13.82,2.6,14.18,Missing,Missing,427.203M,287.082M,20909589,5.04,16.22,17.07,10.7,17.19,18.45,-2.64,13.8,13.63
MXA,Monthly,Tax-Free Income-Minnesota,20130823,14.27,6.94,15.26,Missing,Missing,89.990M,58.908M,4146743,8.97,15.92,17.37,15.9,16.5,18.81,-0.69,14.27,14.46
MXE,Annual,Non-US/Other-Latin American Equity,20130823,17.75,-12.45,15.54,nbsp,nbsp,107.430M,107.430M,6094804,-10.77,16.76,14.94,-7.22,19.49,17.53,-15.81,13.76,12.11
MXF,Quarterly,Non-US/Other-Latin American Equity,20130823,29.22,2.67,30.0,Missing,Missing,393.540M,393.540M,13362856,-0.57,30.64,30.65,17.53,34.23,38.23,-10.72,26.9,24.73
MXN,Monthly,Tax-Free Income-Minnesota,20130823,13.53,6.8,14.45,Missing,Missing,32.819M,19.826M,1472506,5.51,15.44,16.3,16.47,16.14,18.39,-2.97,13.53,13.4
MYC,Monthly,Tax-Free Income-California,20130823,14.45,-3.88,13.89,Missing,Missing,412.755M,306.674M,21325893,-1.62,16.68,16.45,3.03,17.67,17.78,-9.25,14.45,13.25
MYD,Monthly,Tax-Free Income-National,20130823,13.1,-1.37,12.92,Missing,Missing,845.206M,593.519M,45567372,2.51,15.52,15.94,8.21,16.53,17.28,-5.91,13.09,12.64
MYF,Monthly,Tax-Free Income-National,20130823,13.72,-5.03,13.03,Missing,Missing,245.432M,185.875M,13615721,0.7,16.03,16.18,7.32,17.12,18.05,-8.51,13.72,12.68
MYI,Monthly,Tax-Free Income-National,20130823,13.16,-1.44,12.97,Missing,Missing,1245.132M,888.375M,67831896,-0.34,15.08,15.06,4.84,15.89,16.5,-8.74,13.16,12.17
MYJ,Monthly,Tax-Free Income-New Jersey,20130823,14.38,-7.16,13.35,Missing,Missing,306.456M,204.243M,14271528,-1.05,16.52,16.4,4.83,17.57,18.04,-10.0,14.38,13.05
MYM,Monthly,Tax-Free Income-Michigan,20130823,12.68,-9.94,11.42,Missing,Missing,240.190M,152.925M,12098420,-5.31,14.81,14.05,3.49,15.63,15.73,-13.6,12.7,11.05
MYN,Monthly,Tax-Free Income-New York,20130823,12.69,-2.36,12.39,Missing,Missing,747.067M,499.298M,39537306,-0.61,14.64,14.58,4.98,15.5,16.25,-7.26,12.69,11.96
MZA,Monthly,Tax-Free Income-Arizona,20130823,13.07,-0.54,13.0,Missing,Missing,98.258M,60.980M,4576128,1.78,14.87,15.16,9.95,15.62,16.79,-8.51,13.06,12.93
MZF,Monthly,Tax-Free Income-National,20130823,13.16,-8.36,12.06,Missing,Missing,158.443M,89.039M,6800476,0.37,15.04,15.13,8.03,15.71,16.72,-11.69,13.16,11.71
NAC,Monthly,Tax-Free Income-California,20130823,13.33,-6.6,12.45,Missing,Missing,447.954M,311.487M,23528873,-2.37,15.41,15.08,5.14,16.31,16.58,-10.4,13.31,12.01
NAD,Monthly,Tax-Free Income-National,20130823,13.96,-8.02,12.84,Missing,Missing,810.714M,545.760M,39296352,-5.12,15.82,15.04,0.06,16.59,16.27,-13.01,13.96,12.27
NAI,Quarterly,US Equity-Covered Call,20130823,10.53,-6.55,9.84,11.20,0.2750,105.377M,105.377M,9991367,-5.49,10.54,9.95,6.95,11.13,11.06,-11.62,9.76,8.75
NAN,Monthly,Tax-Free Income-New York,20130823,13.85,-8.16,12.72,Missing,Missing,183.014M,127.560M,9265330,-4.21,15.67,15.04,-0.31,16.42,16.34,-11.17,13.84,12.41
NAZ,Monthly,Tax-Free Income-Arizona,20130823,13.37,-10.1,12.02,Missing,Missing,232.431M,153.696M,11563886,-2.1,15.07,14.78,7.1,15.85,16.6,-12.92,13.36,11.73
NBB,Monthly,Taxable Income-Municipal,20130823,20.14,-8.84,18.36,7.39,0.1135,618.403M,528.923M,26461985,-6.26,22.06,20.69,-2.07,23.3,21.8,-12.55,19.9,17.68
NBD,Monthly,Taxable Income-Municipal,20130823,21.19,-11.66,18.72,7.07,0.1105,151.552M,151.333M,7205250,-8.15,23.27,21.39,-5.15,24.75,22.8,-13.01,20.86,18.47
NBH,Monthly,Tax-Free Income-National,20130823,14.14,-1.98,13.86,Missing,Missing,443.438M,264.144M,18759000,1.17,15.7,15.91,8.43,16.35,17.5,-8.53,14.15,13.18
NBO,Monthly,Tax-Free Income-New York,20130823,13.31,-4.88,12.66,Missing,Missing,115.420M,67.198M,5074000,1.36,14.7,14.93,7.12,15.32,16.14,-7.92,13.31,12.34
NBW,Monthly,Tax-Free Income-California,20130823,14.15,-1.84,13.89,Missing,Missing,136.872M,77.906M,5530000,1.08,15.53,15.73,6.12,16.18,16.95,-6.11,14.16,13.38
NCA,Monthly,Tax-Free Income-California,20130823,9.54,-3.14,9.24,Missing,Missing,239.944M,235.453M,25283751,-1.87,10.29,10.1,3.09,10.62,10.7,-8.37,9.52,8.76
NCB,Monthly,Tax-Free Income-California,20130823,15.84,-8.59,14.48,Missing,Missing,51.916M,51.895M,3287900,-5.15,17.23,16.36,-1.6,17.83,17.25,-11.81,15.84,14.11
NCO,Monthly,Tax-Free Income-California,20130823,14.07,-3.2,13.62,Missing,Missing,164.077M,114.198M,8170445,-0.91,16.07,15.95,4.51,16.97,17.4,-9.52,14.05,12.83
NCP,Monthly,Tax-Free Income-California,20130823,13.82,-5.07,13.12,Missing,Missing,259.844M,168.742M,13019195,-0.38,15.64,15.6,4.94,16.4,16.79,-9.2,13.8,12.63
NCU,Monthly,Tax-Free Income-California,20130823,13.99,-8.36,12.82,Missing,Missing,114.160M,78.857M,5732845,-2.72,15.63,15.24,3.97,16.36,16.78,-11.57,13.98,12.46
NCV,Monthly,Taxable Income-Multi-Sector,20130823,9.04,1.66,9.19,11.78,0.0900,1085.526M,728.813M,81148311,5.65,8.76,9.24,12.26,9.36,9.91,-0.48,8.08,8.26
NCZ,Monthly,Taxable Income-Multi-Sector,20130823,8.19,5.01,8.6,11.93,0.0850,841.554M,567.775M,69793689,7.41,7.94,8.52,15.43,8.48,9.06,0.53,7.33,7.54
NDP,Quarterly,US Equity-MLP,20130823,26.03,-8.84,23.73,7.44,0.4375,419.518M,372.918M,14504200,-1.61,24.45,24.04,7.16,26.78,25.73,-9.55,21.76,21.28
NEA,Monthly,Tax-Free Income-National,20130823,13.08,-4.66,12.47,Missing,Missing,1526.865M,1025.690M,78883061,-3.78,15.04,14.5,3.04,15.84,15.93,-12.26,13.08,11.76
NEV,Monthly,Tax-Free Income-National,20130823,13.55,-2.07,13.27,Missing,Missing,284.714M,284.184M,21094101,1.04,15.56,15.75,6.32,16.33,16.98,-6.72,13.54,12.91
NFJ,Quarterly,US Equity-Covered Call,20130823,18.32,-4.75,17.45,Missing,Missing,1731.381M,1731.381M,94524325,-6.41,17.83,16.69,-3.61,18.45,17.58,-11.08,16.87,15.0
NGX,Monthly,Tax-Free Income-Massachusetts,20130823,12.94,-1.31,12.77,Missing,Missing,57.158M,35.075M,2727317,-5.19,14.61,13.86,-0.6,15.27,14.86,-11.89,12.93,12.44
NGZ,Quarterly,Non-US/Other-Global Growth & Income,20130823,16.18,-9.64,14.62,8.25,0.3000,112.852M,112.852M,7019923,-10.06,15.56,13.99,-5.83,16.66,15.19,-14.15,14.35,12.32
NHF,Monthly,Taxable Income-Senior Loan,20130823,8.51,-13.87,7.33,8.13,0.0500,761.135M,536.091M,63881473,-8.9,8.26,7.26,-5.29,8.9,8.26,-14.11,7.1,6.29
NHS,Monthly,Taxable Income-High Yield,20130823,14.0,-9.64,12.65,8.52,0.0900,381.356M,271.645M,19540585,-2.78,14.31,13.91,9.16,15.17,15.25,-10.27,13.69,12.57
NIE,Quarterly,US Equity-Growth & Income,20130823,21.18,-12.89,18.45,6.08,0.2800,469.695M,469.695M,22304189,-11.18,20.13,17.86,-8.26,21.55,19.42,-13.36,18.47,16.01
NIM,Monthly,Tax-Free Income-National,20130823,10.12,-3.85,9.73,Missing,Missing,125.364M,125.362M,12439123,-0.72,10.57,10.5,5.26,10.76,11.3,-8.97,10.11,9.23
NIO,Monthly,Tax-Free Income-National,20130823,13.75,-5.75,12.96,Missing,Missing,1975.607M,1307.555M,95610971,-4.54,15.61,14.93,-0.19,16.37,15.99,-10.08,13.75,12.5
NJV,Monthly,Tax-Free Income-New Jersey,20130823,15.29,-8.18,14.04,Missing,Missing,23.807M,23.800M,1565036,-3.58,16.73,16.16,4.78,17.47,17.98,-11.5,15.26,13.55
NKG,Monthly,Tax-Free Income-Georgia,20130823,12.89,-8.84,11.75,Missing,Missing,210.255M,135.273M,10548790,-3.11,14.57,14.14,2.61,15.23,15.38,-11.06,12.89,11.7
NKX,Monthly,Tax-Free Income-California,20130823,13.21,-7.57,12.21,Missing,Missing,805.972M,514.117M,41843761,-3.91,15.13,14.57,3.37,15.89,16.28,-11.1,13.19,11.84
NMA,Monthly,Tax-Free Income-National,20130823,13.56,-9.14,12.32,Missing,Missing,886.534M,589.472M,43697408,-5.3,15.5,14.71,0.13,16.24,16.12,-13.14,13.56,11.93
NMB,Monthly,Tax-Free Income-Massachusetts,20130823,13.36,-0.07,13.35,Missing,Missing,40.882M,26.146M,1966050,-2.49,15.19,14.83,4.55,15.91,15.81,-10.88,13.37,13.07
NMD,Missing,Missing,20130717,12.12,-2.56,11.81,Missing,Missing,265.045M,228.924M,18856636,-0.08,13.07,13.04,6.25,13.41,13.95,-8.61,11.93,11.58
NMI,Monthly,Tax-Free Income-National,20130823,10.49,-5.15,9.95,Missing,Missing,86.552M,77.210M,8276908,3.7,11.51,11.95,11.17,11.9,12.87,-8.06,10.49,9.7
NMO,Monthly,Tax-Free Income-National,20130823,13.15,-9.73,11.87,Missing,Missing,950.681M,599.563M,45874035,-5.72,15.0,14.17,-1.06,15.71,15.33,-12.94,13.14,11.57
NMT,Monthly,Tax-Free Income-Massachusetts,20130823,13.43,-1.86,13.18,Missing,Missing,98.987M,62.314M,4776927,-2.42,15.21,14.86,1.86,15.95,15.92,-11.47,13.43,13.02
NMY,Monthly,Tax-Free Income-Maryland,20130823,13.87,-10.96,12.35,Missing,Missing,405.403M,239.147M,24104666,-5.29,15.47,14.68,0.57,16.0,15.99,-13.79,13.86,12.07
NMZ,Monthly,Tax-Free Income-High Yield,20130823,11.88,-3.96,11.41,Missing,Missing,678.790M,590.996M,50036659,1.27,13.32,13.5,6.5,13.84,14.52,-9.09,11.87,10.9
NNC,Monthly,Tax-Free Income-North Carolina,20130823,13.39,-9.19,12.16,Missing,Missing,345.354M,220.402M,16548509,-4.12,15.08,14.49,2.7,15.79,16.05,-11.65,13.39,11.91
NNJ,Monthly,Tax-Free Income-New Jersey,20130823,14.18,-6.49,13.26,Missing,Missing,258.998M,170.317M,12083027,-0.14,15.94,15.96,7.11,16.69,17.71,-9.06,14.17,12.96
NNP,Monthly,Tax-Free Income-New York,20130823,14.38,-7.02,13.37,Missing,Missing,304.350M,215.169M,15063511,-1.38,16.37,16.18,3.11,17.17,17.6,-10.38,14.36,12.99
NNY,Monthly,Tax-Free Income-New York,20130823,9.48,-5.06,9.0,Missing,Missing,143.406M,139.176M,15191165,-1.44,10.22,10.09,2.56,10.54,10.8,-7.43,9.47,8.84
NOM,Monthly,Tax-Free Income-Missouri,20130823,12.85,4.12,13.38,Missing,Missing,47.669M,29.781M,2328133,13.04,14.54,16.47,22.64,15.14,18.09,-0.08,12.86,12.94
NPF,Monthly,Tax-Free Income-National,20130823,13.44,-6.99,12.5,Missing,Missing,393.956M,266.054M,19888518,-4.82,15.33,14.62,0.19,16.08,15.79,-11.48,13.45,12.03
NPI,Monthly,Tax-Free Income-National,20130823,13.37,-7.26,12.4,Missing,Missing,1254.278M,846.674M,64060043,-3.88,15.12,14.56,2.54,15.82,15.9,-12.22,13.36,11.85
NPM,Monthly,Tax-Free Income-National,20130823,13.72,-8.31,12.58,Missing,Missing,1454.103M,963.926M,70692851,-5.3,15.6,14.8,-1.18,16.4,15.99,-12.68,13.71,12.1
NPN,Monthly,Tax-Free Income-Pennsylvania,20130823,15.01,-9.26,13.62,Missing,Missing,18.245M,18.243M,1219352,-4.46,16.33,15.62,-0.12,17.07,16.45,-12.4,15.01,13.21
NPP,Monthly,Tax-Free Income-National,20130823,14.24,-5.9,13.4,Missing,Missing,1272.441M,737.206M,60025455,-4.13,16.4,15.76,1.93,17.22,17.39,-11.45,14.24,12.76
NPT,Monthly,Tax-Free Income-National,20130823,12.38,-5.49,11.7,Missing,Missing,796.214M,533.694M,43338451,-2.07,14.2,13.93,2.9,14.9,15.0,-10.78,12.38,11.17
NPV,Monthly,Tax-Free Income-Virginia,20130823,13.39,-5.15,12.7,Missing,Missing,366.152M,238.635M,17933251,-1.14,15.34,15.2,4.71,16.08,16.61,-10.13,13.38,12.39
NPY,Monthly,Tax-Free Income-Pennsylvania,20130823,13.35,-8.24,12.25,Missing,Missing,307.385M,202.263M,15595551,-4.62,15.14,14.48,0.45,15.87,15.78,-12.42,13.36,11.78
NQC,Monthly,Tax-Free Income-California,20130823,13.68,-2.92,13.28,Missing,Missing,281.098M,175.407M,13654705,-1.06,15.71,15.58,5.33,16.63,17.23,-9.94,13.65,12.48
NQI,Monthly,Tax-Free Income-National,20130823,13.16,-9.12,11.96,Missing,Missing,744.206M,503.457M,38461871,-3.86,15.09,14.55,1.49,15.92,16.0,-13.03,13.16,11.55
NQJ,Monthly,Tax-Free Income-New Jersey,20130823,13.79,-8.34,12.64,Missing,Missing,425.108M,280.680M,20490335,-3.01,15.46,15.03,3.11,16.17,16.25,-11.11,13.77,12.32
NQM,Monthly,Tax-Free Income-National,20130823,14.22,-5.84,13.39,Missing,Missing,721.104M,483.905M,35976272,-2.42,16.25,15.89,3.17,17.08,17.58,-10.63,14.22,12.86
NQP,Monthly,Tax-Free Income-Pennsylvania,20130823,13.81,-9.49,12.5,Missing,Missing,333.914M,221.258M,16109304,-4.13,15.83,15.21,1.97,16.68,16.74,-13.21,13.81,12.07
NQS,Monthly,Tax-Free Income-National,20130823,13.64,-7.04,12.68,Missing,Missing,729.918M,462.164M,35222129,-3.96,15.65,15.05,3.01,16.47,16.71,-12.93,13.62,12.06
NQU,Monthly,Tax-Free Income-National,20130823,13.66,-9.15,12.41,Missing,Missing,1127.113M,698.393M,54379091,-5.52,15.82,14.98,0.37,16.68,16.4,-13.03,13.65,12.01
NRK,Monthly,Tax-Free Income-New York,20130823,13.04,-5.83,12.28,Missing,Missing,1675.872M,1107.968M,87618504,-2.92,14.93,14.52,2.62,15.78,16.0,-10.4,13.03,11.8
NRO,Monthly,US Equity-Real Estate (US),20130823,5.18,-14.86,4.41,5.47,0.0200,366.867M,286.818M,55787846,-11.49,5.5,4.87,-8.56,6.25,5.6,-15.66,4.97,4.22
NSL,Monthly,Taxable Income-Senior Loan,20130823,7.4,-5.0,7.03,7.00,0.0410,407.526M,284.512M,38623451,3.77,7.35,7.63,12.47,7.5,8.3,-5.27,7.12,7.01
NTC,Monthly,Tax-Free Income-Connecticut,20130823,13.32,-10.29,11.95,Missing,Missing,300.209M,194.617M,14688976,-7.64,15.05,13.92,-4.44,15.75,14.7,-12.53,13.32,11.73
NTG,Quarterly,US Equity-MLP,20130823,27.91,2.4,28.58,5.89,0.4188,1653.713M,1308.713M,46860898,2.7,26.43,27.11,6.97,29.64,30.1,-2.36,23.2,23.45
NTX,Monthly,Tax-Free Income-Texas,20130823,14.05,-5.05,13.34,Missing,Missing,211.136M,140.195M,10027210,0.57,15.56,15.68,9.52,16.19,17.25,-9.52,14.05,13.19
NUC,Monthly,Tax-Free Income-California,20130823,14.34,-1.26,14.16,Missing,Missing,474.137M,315.834M,22204378,2.13,16.24,16.62,8.11,17.07,18.12,-5.26,14.34,13.69
NUJ,Monthly,Tax-Free Income-New Jersey,20130823,13.39,-10.46,11.99,Missing,Missing,91.507M,56.430M,4527014,-0.32,15.29,15.28,8.71,16.1,17.34,-13.09,13.38,11.69
NUM,Monthly,Tax-Free Income-Michigan,20130823,13.98,-9.73,12.62,Missing,Missing,449.020M,290.818M,20850587,-5.55,15.96,15.11,-0.74,16.72,16.49,-13.58,14.02,12.23
NUO,Monthly,Tax-Free Income-Ohio,20130823,14.96,-5.88,14.08,Missing,Missing,422.884M,275.395M,18521955,1.76,17.17,17.51,13.79,18.04,20.13,-9.62,14.95,13.89
NUV,Monthly,Tax-Free Income-National,20130823,9.37,-2.77,9.11,Missing,Missing,1922.711M,1922.585M,205627650,-0.81,10.21,10.14,2.03,10.53,10.63,-6.35,9.38,8.87
NUW,Monthly,Tax-Free Income-National,20130823,15.96,-4.89,15.18,Missing,Missing,209.783M,209.725M,13194175,-0.35,17.52,17.48,6.47,18.19,19.25,-8.97,15.95,14.62
NVC,Monthly,Tax-Free Income-California,20130823,14.29,-2.59,13.92,Missing,Missing,489.137M,330.035M,23311694,0.53,16.21,16.33,5.64,17.05,17.6,-7.8,14.27,13.24
NVG,Monthly,Tax-Free Income-National,20130823,13.84,-11.71,12.22,Missing,Missing,610.762M,410.012M,29782700,-6.86,15.89,14.83,-2.08,16.82,16.28,-14.18,13.84,12.05
NVX,Monthly,Tax-Free Income-California,20130823,13.65,-7.18,12.67,Missing,Missing,298.072M,200.088M,14759237,-3.08,15.85,15.4,4.18,16.79,17.19,-10.72,13.63,12.24
NVY,Monthly,Tax-Free Income-Pennsylvania,20130823,13.32,-10.36,11.94,Missing,Missing,72.371M,47.789M,3726562,-4.85,15.2,14.5,3.72,15.98,16.44,-13.46,13.31,11.61
NXC,Monthly,Tax-Free Income-California,20130823,14.3,-4.27,13.69,Missing,Missing,89.417M,87.878M,6272729,-1.86,15.51,15.24,3.78,16.01,16.18,-7.4,14.3,13.37
NXJ,Monthly,Tax-Free Income-New Jersey,20130823,13.88,-11.1,12.34,Missing,Missing,135.569M,90.667M,6570688,-4.86,15.73,15.0,3.65,16.55,16.7,-13.56,13.87,12.05
NXK,Monthly,Tax-Free Income-New York,20130823,13.76,-7.12,12.78,Missing,Missing,126.771M,88.832M,6488516,-5.06,15.52,14.75,-1.27,16.3,15.85,-11.31,13.76,12.43
NXM,Monthly,Tax-Free Income-Pennsylvania,20130823,13.63,-10.12,12.25,Missing,Missing,67.565M,44.358M,3321984,-6.48,15.51,14.53,-0.94,16.3,15.95,-13.56,13.63,11.88
NXN,Monthly,Tax-Free Income-New York,20130823,13.34,-4.57,12.73,Missing,Missing,52.180M,46.925M,3923976,-0.6,14.63,14.56,4.65,15.22,15.89,-8.24,13.34,12.36
NXP,Monthly,Tax-Free Income-National,20130823,13.63,-6.02,12.81,Missing,Missing,224.977M,221.677M,16570311,-0.69,14.9,14.82,7.7,15.42,16.17,-8.87,13.62,12.52
NXQ,Monthly,Tax-Free Income-National,20130823,13.06,-6.2,12.25,Missing,Missing,230.436M,224.636M,17713727,-1.31,14.21,14.04,7.31,14.66,15.26,-9.85,13.05,11.86
NXR,Monthly,Tax-Free Income-National,20130823,13.49,-7.12,12.53,Missing,Missing,175.430M,174.380M,13045560,-1.07,14.8,14.66,7.65,15.29,16.04,-10.21,13.49,12.23
NXZ,Monthly,Tax-Free Income-National,20130823,13.91,-9.27,12.62,Missing,Missing,605.310M,409.155M,29478412,-5.65,15.88,15.0,-0.19,16.54,16.16,-13.58,13.95,12.22
NYH,Monthly,Tax-Free Income-New York,20130823,11.89,-7.32,11.02,Missing,Missing,43.655M,30.391M,2566737,-2.39,13.57,13.27,3.8,14.37,14.4,-10.34,11.9,10.77
NYV,Monthly,Tax-Free Income-New York,20130823,14.97,-8.88,13.64,Missing,Missing,35.086M,35.080M,2349612,-4.06,16.17,15.53,0.73,16.69,16.5,-12.23,14.98,13.21
NZF,Monthly,Tax-Free Income-National,20130823,13.7,-10.58,12.25,Missing,Missing,784.796M,545.310M,40400028,-6.44,15.64,14.66,-0.43,16.49,16.25,-13.98,13.69,11.91
NZH,Monthly,Tax-Free Income-California,20130823,12.34,-5.92,11.61,Missing,Missing,455.415M,295.676M,24151884,-4.32,14.27,13.68,2.57,15.05,14.91,-11.27,12.31,11.1
OIA,Monthly,Tax-Free Income-National,20130823,6.73,-8.47,6.16,Missing,Missing,318.168M,318.107M,47425494,-3.28,7.41,7.18,5.41,7.64,7.99,-12.67,6.73,5.93
OXLC,Quarterly,Taxable Income-Senior Loan,20130823,15.71,2.16,16.05,13.76,0.5500,135.250M,119.439M,7602719,-4.0,16.58,15.99,7.96,17.78,17.7,-14.8,15.71,14.81
PAI,Monthly,Taxable Income-Investment Grade,20130823,14.07,-13.01,12.24,5.64,0.0575,131.925M,131.923M,9459794,-2.61,14.82,14.45,8.41,15.17,16.24,-12.92,13.99,12.2
PCF,Monthly,Taxable Income-High Yield,20130823,8.8,-12.39,7.71,6.06,0.0390,150.324M,150.322M,17175214,-6.25,8.66,8.11,1.58,9.09,8.51,-13.11,8.2,7.59
PCK,Monthly,Tax-Free Income-California,20130823,7.34,25.48,9.21,Missing,Missing,392.830M,229.689M,31610327,19.51,8.82,10.55,26.4,9.45,11.14,12.68,7.31,9.12
PCM,Monthly,Taxable Income-Mortgage Bond,20130823,11.15,0.45,11.2,8.60,0.0800,223.423M,132.229M,11509872,7.0,11.45,12.25,14.5,11.99,13.48,-1.07,10.81,11.06
PCN,Monthly,Taxable Income-Investment Grade,20130823,15.68,1.79,15.96,8.44,0.1125,762.262M,593.244M,38135218,12.11,16.02,17.95,21.45,16.51,19.14,-3.12,15.2,15.23
PCQ,Monthly,Tax-Free Income-California,20130823,12.31,4.63,12.88,Missing,Missing,376.207M,226.087M,18517531,7.21,14.18,15.23,13.08,14.95,16.71,0.21,12.27,12.44
PDI,Monthly,Taxable Income-Multi-Sector,20130823,30.18,-7.36,27.96,7.61,0.1770,2617.982M,1363.180M,45416921,-1.88,29.91,29.33,2.49,32.37,32.71,-11.42,26.38,26.78
PDT,Monthly,Taxable Income-Preferreds,20130823,13.86,-12.63,12.11,7.49,0.0755,1064.949M,681.503M,50008453,-5.04,14.6,13.86,2.1,15.62,14.95,-12.27,13.41,11.92
PEO,Quarterly,US Equity-Energy/Resources,20130823,31.11,-15.24,26.37,6.07,0.1000,815.086M,815.086M,26242772,-13.29,29.65,25.7,-10.15,31.67,27.03,-14.97,26.49,23.39
PFD,Monthly,Taxable Income-Preferreds,20130823,12.87,-3.5,12.42,8.73,0.0900,215.572M,141.509M,10985567,8.17,13.52,14.63,17.72,14.07,15.73,-6.11,12.94,12.15
PFL,Monthly,Taxable Income-Multi-Sector,20130823,11.31,-1.06,11.19,9.68,0.0900,363.858M,281.038M,25151327,5.47,12.15,12.82,12.33,12.7,13.73,-3.78,11.22,10.95
PFN,Monthly,Taxable Income-Multi-Sector,20130823,9.99,-1.6,9.83,9.81,0.0800,744.347M,581.733M,58881385,4.31,10.68,11.15,8.57,11.08,11.81,-3.51,9.92,9.63
PFO,Monthly,Taxable Income-Preferreds,20130823,10.68,-4.12,10.24,8.72,0.0730,193.977M,125.512M,12298870,4.84,11.2,11.75,12.69,11.66,12.79,-7.91,10.68,9.89
PGP,Monthly,Taxable Income-Multi-Sector,20130823,14.1,56.52,22.07,10.02,0.1834,256.557M,165.761M,10377427,53.12,13.83,21.18,79.77,15.12,24.19,23.44,12.26,15.43
PHD,Monthly,Taxable Income-Senior Loan,20130823,13.18,-4.02,12.65,7.10,0.0750,506.544M,324.055M,24730092,2.88,13.19,13.57,9.26,13.33,14.51,-4.53,12.93,12.62
PHF,Monthly,Taxable Income-High Yield,20130823,8.49,0.0,8.49,9.24,0.0650,152.768M,109.764M,12985950,5.52,8.62,9.11,16.59,9.03,9.98,-5.7,8.38,7.94
PHK,Monthly,Taxable Income-High Yield,20130823,7.99,45.31,11.61,12.54,0.1219,1269.354M,977.322M,123442337,44.19,8.44,12.17,74.47,8.9,14.31,22.14,7.95,10.15
PHT,Monthly,Taxable Income-High Yield,20130823,13.77,19.24,16.42,10.05,0.1375,540.195M,389.170M,28429194,22.78,13.93,17.11,37.34,14.59,18.82,11.24,13.37,14.94
PHYS,None,US Equity-Commodities,20130823,11.49,1.44,11.66,nbsp,nbsp,2279.068M,2279.068M,195320723,1.33,13.02,13.23,6.19,14.99,15.38,-2.65,10.04,9.93
PIM,Monthly,Taxable Income-Investment Grade,20130823,5.57,-11.49,4.93,6.32,0.0260,364.089M,364.087M,65690624,-7.85,5.55,5.11,-3.49,5.68,5.28,-13.46,5.4,4.82
PKO,Monthly,Taxable Income-Multi-Sector,20130823,27.79,-5.51,26.26,8.69,0.1900,659.728M,410.616M,14878418,4.09,28.43,29.59,11.3,29.98,32.83,-6.7,26.51,25.92
PMF,Monthly,Tax-Free Income-National,20130823,11.34,6.53,12.08,Missing,Missing,474.913M,284.842M,25324015,14.52,13.35,15.33,22.21,14.26,16.72,2.28,11.31,11.68
PML,Monthly,Tax-Free Income-National,20130823,10.55,4.08,10.98,Missing,Missing,1005.064M,637.879M,60896627,5.01,12.12,12.75,8.98,12.84,13.82,-2.22,10.53,10.54
PMM,Monthly,Tax-Free Income-National,20130823,7.19,-7.65,6.64,Missing,Missing,512.770M,389.212M,57693103,-0.63,7.98,7.94,6.19,8.24,8.64,-10.83,7.2,6.53
PMO,Monthly,Tax-Free Income-National,20130823,11.72,-8.62,10.71,Missing,Missing,679.584M,500.579M,42871374,-4.72,13.24,12.63,1.46,13.87,13.91,-12.84,11.73,10.43
PMX,Monthly,Tax-Free Income-National,20130823,9.2,12.07,10.31,Missing,Missing,485.297M,296.176M,32443472,12.59,10.85,12.25,21.67,11.57,13.42,2.21,9.18,9.55
PNF,Monthly,Tax-Free Income-New York,20130823,9.99,-1.3,9.86,Missing,Missing,123.302M,76.263M,7684606,2.82,11.68,12.04,9.83,12.5,13.33,-6.9,9.98,9.44
PNI,Monthly,Tax-Free Income-New York,20130823,9.51,11.25,10.58,Missing,Missing,182.234M,103.198M,10927322,11.77,11.35,12.71,16.25,12.18,13.75,2.85,9.5,10.11
PPR,Monthly,Taxable Income-Senior Loan,20130823,6.02,1.66,6.12,6.86,0.0350,1254.146M,883.730M,147426917,5.19,6.0,6.31,13.86,6.13,6.9,-1.51,5.87,5.8
PPT,Monthly,Non-US/Other-Global Income,20130823,5.98,-12.54,5.23,5.99,0.0260,846.907M,846.906M,142070794,-7.28,5.93,5.49,1.72,6.07,5.9,-13.34,5.75,5.13
PSF,Monthly,Taxable Income-Preferreds,20130823,26.18,-7.3,24.27,8.53,0.1720,442.860M,313.860M,12016087,-0.66,27.26,27.09,4.28,28.57,29.48,-8.81,26.04,23.8
PSLV,None,US Equity-Commodities,20130823,9.03,6.76,9.64,nbsp,nbsp,1148.324M,1148.324M,127366972,1.86,10.88,11.13,6.74,13.75,14.31,-0.83,7.25,7.2
PTY,Monthly,Taxable Income-Investment Grade,20130823,16.11,7.39,17.3,9.04,0.1300,1427.615M,1102.580M,69065992,18.49,16.97,20.12,29.46,17.7,22.1,4.02,16.03,16.77
PYN,Monthly,Tax-Free Income-New York,20130823,8.21,9.01,8.95,Missing,Missing,78.031M,46.005M,5636701,8.52,9.42,10.23,12.44,9.98,11.01,0.22,8.21,8.89
PZC,Monthly,Tax-Free Income-California,20130823,8.69,8.06,9.39,Missing,Missing,314.008M,188.886M,21990812,8.54,10.08,10.95,15.63,10.63,11.84,-0.3,8.64,9.14
QQQX,Quarterly,US Equity-General Equity,20130823,16.81,-2.86,16.33,Missing,Missing,310.372M,310.372M,18445346,-0.01,15.92,15.91,4.98,16.91,16.62,-5.58,14.7,13.88
RCG,Annual,US Equity-Growth & Income,20130823,2.67,-49.44,1.35,nbsp,nbsp,11.882M,11.880M,4463967,-42.86,2.63,1.5,-27.57,2.89,1.8,-52.13,2.41,1.26
RCS,Monthly,Non-US/Other-Global Income,20130823,9.2,14.13,10.5,9.10,0.0800,805.772M,371.196M,40851458,18.62,9.58,11.37,31.38,9.83,12.57,6.02,9.13,9.95
RFI,Quarterly,US Equity-Real Estate (US),20130823,12.8,-2.19,12.52,7.08,0.2200,122.173M,122.173M,9576239,3.88,13.58,14.13,29.41,14.93,18.04,-7.06,12.39,11.98
RIF,Quarterly,US Equity-Real Estate (US),20130823,20.08,-14.84,17.1,7.72,0.3300,230.318M,153.643M,7651507,-10.98,21.82,19.45,-4.04,25.09,23.49,-15.91,19.68,16.94
RIT,Monthly,US Equity-Real Estate (US),20130823,11.91,-11.17,10.58,Missing,Missing,172.253M,135.253M,11435004,-5.36,12.75,12.09,11.85,14.72,15.76,-12.82,11.39,9.93
RMT,&nbsp;,US Equity-General Equity,20130823,13.13,-12.64,11.47,Missing,Missing,427.573M,382.573M,29137296,-12.1,11.54,10.14,-9.36,13.28,11.63,-14.15,9.8,8.51
RNE,Annual,Non-US/Other-Emerging Market Equity,20130823,19.99,-12.21,17.55,1.88,0.2844,70.305M,69.406M,3470728,-10.9,18.73,16.67,-8.38,20.14,18.06,-13.79,17.05,14.75
RNP,Quarterly,US Equity-Real Estate (US),20130823,18.03,-13.75,15.55,7.76,0.3000,1214.103M,864.103M,48075534,-6.66,18.94,17.67,-1.56,21.18,19.79,-15.99,17.51,14.71
RQI,Quarterly,US Equity-Real Estate (US),20130823,10.73,-9.51,9.71,7.45,0.1800,1637.117M,1177.116M,110098811,-4.19,11.39,10.92,1.07,13.15,12.98,-11.11,10.19,9.12
RVT,Quarterly,US Equity-General Equity,20130823,18.0,-12.94,15.67,Missing,Missing,1414.954M,1264.954M,70275231,-11.73,16.23,14.32,-8.4,18.26,16.19,-14.27,14.3,12.26
SBI,Monthly,Tax-Free Income-National,20130823,9.54,-6.18,8.95,Missing,Missing,183.713M,133.720M,14076914,-0.87,10.34,10.26,4.95,10.69,11.03,-9.67,9.54,8.69
SBW,Monthly,Non-US/Other-Emerging Market Income,20130823,13.81,-13.03,12.01,Missing,Missing,186.253M,177.754M,13017723,-5.38,15.61,14.8,1.79,16.32,16.46,-14.11,13.7,11.87
SCD,Quarterly,Non-US/Other-Global Growth & Income,20130823,16.35,-10.09,14.7,Missing,Missing,367.783M,290.834M,17983331,-4.82,15.72,14.93,-1.54,17.7,17.29,-10.25,13.7,12.55
SGF,Annual,Non-US/Other-Asia Equity,20130823,14.4,-10.9,12.83,Missing,Missing,108.244M,108.244M,7516959,-10.73,15.48,13.82,-8.31,16.44,14.73,-13.61,14.34,12.64
SGL,Monthly,Non-US/Other-Global Income,20130823,10.4,-14.23,8.92,Missing,Missing,188.383M,188.381M,18258828,-7.28,11.32,10.51,-2.41,11.8,11.36,-14.08,10.35,8.91
SLA,Monthly,Taxable Income-Mortgage Bond,20130823,11.09,-14.52,9.48,7.89,0.0575,172.252M,117.744M,10662195,-11.06,12.01,10.68,-4.9,12.49,11.45,-16.11,11.03,9.39
SMF,Quarterly,US Equity-MLP,20130823,26.89,5.39,28.34,6.57,0.4650,272.165M,194.865M,7181832,4.19,26.02,27.13,10.69,28.67,30.97,-1.19,22.05,23.44
SMM,Quarterly,US Equity-MLP,20130823,22.88,-2.58,22.29,6.15,0.3450,308.552M,219.552M,9499651,0.87,21.66,21.87,10.59,24.31,26.16,-5.16,18.01,18.37
SOR,Quarterly,US Equity-General Equity,20130823,68.72,-9.42,62.25,Missing,Missing,594.788M,594.788M,8655240,-9.25,62.84,57.04,-4.55,70.77,65.86,-14.49,56.34,48.56
SPE,Annual,US Equity-General Equity,20130823,19.21,-10.15,17.26,2.07,0.3565,135.622M,97.091M,7059999,-10.35,18.28,16.41,-7.18,19.59,17.8,-13.92,17.0,14.95
SRF,Quarterly,US Equity-MLP,20130823,18.39,2.5,18.85,10.74,0.5000,188.693M,177.793M,9590133,4.67,19.81,20.76,12.84,21.6,23.89,-1.71,17.89,18.1
SRV,Quarterly,US Equity-MLP,20130823,6.91,17.22,8.1,11.15,0.2250,319.757M,233.657M,33369886,17.25,6.95,8.16,34.29,7.59,9.32,5.04,6.12,7.15
STK,Quarterly,US Equity-Covered Call,20130823,15.45,-6.73,14.41,Missing,Missing,236.513M,236.513M,15274914,-4.01,15.63,15.01,0.9,17.03,16.28,-8.92,14.35,13.07
SWZ,Semi-Annual,Non-US/Other-Other Non-US Equity,20130823,15.57,-11.82,13.73,0.92,0.0730,482.191M,482.191M,30969245,-13.4,13.78,11.91,-11.14,15.46,13.65,-15.07,11.9,10.41
TAI,Monthly,Taxable Income-Investment Grade,20130823,22.68,-11.9,19.98,5.74,0.0950,158.386M,142.622M,6318771,-2.18,23.07,22.55,14.67,23.68,26.27,-12.67,22.55,19.81
TDF,Semi-Annual,Non-US/Other-Asia Equity,20130823,29.13,-11.57,25.76,2.81,nbsp,1113.064M,1099.030M,37649533,-11.26,30.38,26.97,-8.15,32.86,30.01,-14.57,27.67,23.81
TEI,Quarterly,Non-US/Other-Emerging Market Income,20130823,14.67,-7.36,13.59,7.37,0.2500,700.819M,700.817M,47923245,3.77,15.86,16.47,11.94,16.67,18.09,-7.82,14.67,13.57
TF,Annual,Non-US/Other-Asia Equity,20130823,12.14,-0.25,12.11,5.52,0.6686,43.291M,43.291M,3564814,-5.13,13.22,12.55,0.41,15.03,14.41,-10.55,11.34,10.85
TKF,Annual,Non-US/Other-Emerging Market Equity,20130823,16.11,-13.1,14.0,1.64,0.2276,98.047M,98.047M,6086139,-12.08,18.83,16.56,-9.84,22.59,19.67,-15.38,16.17,13.92
TLI,Monthly,Taxable Income-Senior Loan,20130823,12.88,-4.19,12.34,7.08,0.0725,192.723M,127.266M,9932514,2.21,12.94,13.23,9.53,13.18,14.36,-5.17,12.62,12.22
TPZ,Monthly,US Equity-Growth & Income,20130823,27.89,-6.42,26.1,5.75,0.1250,223.797M,192.302M,6951333,-5.72,27.6,25.99,-0.44,28.87,27.74,-11.5,26.08,23.58
TRF,Annual,Non-US/Other-Emerging Market Equity,20130823,15.51,-10.25,13.92,1.19,0.1659,88.007M,88.007M,5682174,-9.75,16.22,14.65,-7.59,17.96,16.29,-11.76,14.88,13.23
TSI,Quarterly,Taxable Income-Multi-Sector,20130823,5.76,-8.33,5.28,Missing,Missing,273.552M,273.551M,47641910,-1.57,5.78,5.7,3.06,5.98,6.07,-8.51,5.58,5.27
TTF,Semi-Annual,Non-US/Other-Asia Equity,20130823,22.0,-9.82,19.84,1.35,nbsp,332.115M,332.115M,15096092,-12.92,24.07,20.94,-9.44,29.54,26.06,-17.23,18.44,15.91
TTP,Quarterly,US Equity-Energy/Resources,20130823,29.62,-5.94,27.86,5.91,0.4075,374.793M,294.294M,10004200,-3.1,27.85,26.94,2.79,31.03,31.0,-7.53,24.57,22.85
TWN,Annual,Non-US/Other-Asia Equity,20130823,19.08,-8.81,17.4,nbsp,nbsp,158.356M,158.356M,8221259,-9.8,18.14,16.36,-5.72,19.72,17.47,-14.82,16.43,14.86
TY,Quarterly,US Equity-General Equity,20130823,21.37,-13.85,18.41,3.80,0.1615,1385.078M,1347.441M,63052938,-13.69,19.92,17.18,-12.59,21.85,18.88,-15.34,17.99,15.3
TYG,Quarterly,US Equity-MLP,20130823,42.2,5.21,44.4,5.17,0.5725,1509.184M,1200.285M,28480993,10.39,39.27,43.37,20.23,44.71,50.1,2.03,33.88,37.13
TYN,Quarterly,US Equity-MLP,20130823,28.28,-0.25,28.21,5.69,0.4000,211.131M,178.231M,6306162,3.37,27.14,28.12,14.79,29.67,33.35,-3.28,24.15,23.54
TYY,Quarterly,US Equity-MLP,20130823,31.89,5.71,33.71,5.12,0.4250,799.671M,639.671M,20017007,4.51,29.69,31.07,11.19,33.93,35.64,-0.8,25.62,26.21
USA,Quarterly,US Equity-General Equity,20130823,6.09,-9.85,5.49,Missing,Missing,1134.517M,1134.517M,186370843,-10.89,5.66,5.04,-9.18,6.24,5.61,-13.63,4.99,4.31
UTF,Quarterly,US Equity-Utilities,20130823,21.65,-13.63,18.7,7.70,0.3600,2661.914M,1861.913M,85968253,-9.32,21.29,19.3,-5.95,23.55,21.76,-13.4,19.19,16.96
UTG,Monthly,US Equity-Utilities,20130823,26.23,-8.27,24.06,Missing,Missing,1051.044M,761.044M,29014294,-3.1,26.23,25.39,0.46,28.98,27.87,-8.1,23.29,22.26
VBF,Monthly,Taxable Income-Investment Grade,20130823,19.66,-11.95,17.31,5.14,0.0740,222.061M,222.060M,11377069,-3.12,20.86,20.24,5.91,21.72,22.5,-12.73,19.55,17.31
VCF,Monthly,Tax-Free Income-Colorado,20130823,13.56,-6.71,12.65,Missing,Missing,95.242M,65.295M,4837100,-3.01,15.3,14.85,2.55,16.01,16.07,-9.5,13.55,12.35
VCV,Monthly,Tax-Free Income-California,20130823,11.74,-4.86,11.17,Missing,Missing,675.705M,487.242M,47856921,-2.32,13.44,13.16,5.01,14.17,14.26,-11.05,11.74,10.71
VFL,Monthly,Tax-Free Income-National,20130823,12.86,-9.88,11.59,Missing,Missing,87.912M,57.965M,4528443,-5.78,14.79,13.96,-2.07,15.62,15.08,-12.72,12.85,11.36
VGI,Monthly,Taxable Income-Multi-Sector,20130823,18.58,-9.96,16.73,8.71,0.1200,302.122M,209.121M,11255236,-6.37,19.93,18.67,-3.31,20.83,19.53,-12.89,18.51,16.15
VGM,Missing,Missing,20130823,13.05,-5.75,12.3,Missing,Missing,977.309M,703.557M,54225296,0.01,14.83,14.87,7.23,15.6,16.31,-10.26,13.04,11.81
VKI,Missing,Missing,20130823,11.17,-5.82,10.52,Missing,Missing,769.360M,538.093M,44380951,0.32,12.75,12.82,8.55,13.42,14.1,-10.56,11.16,10.08
VKQ,Missing,Missing,20130823,12.4,-5.73,11.69,Missing,Missing,945.280M,682.144M,55320227,-0.99,14.21,14.11,6.33,14.98,15.75,-11.95,12.39,11.04
VLT,Monthly,Taxable Income-High Yield,20130823,16.81,-6.42,15.73,8.78,0.1160,184.955M,134.430M,8118429,0.52,17.33,17.42,11.36,18.21,19.04,-8.77,16.62,15.37
VMM,Monthly,Tax-Free Income-Minnesota,20130823,13.62,-6.83,12.69,Missing,Missing,231.082M,156.214M,11504975,-1.63,15.15,14.93,7.77,15.8,16.51,-9.53,13.63,12.43
VMO,Monthly,Tax-Free Income-National,20130823,12.4,-5.16,11.76,Missing,Missing,832.369M,467.553M,67393047,0.07,14.18,14.23,9.02,14.96,15.89,-11.75,12.39,11.04
VPV,Monthly,Tax-Free Income-Pennsylvania,20130823,13.18,-8.04,12.12,Missing,Missing,443.011M,312.814M,23829544,-2.22,15.12,14.82,6.28,15.92,16.92,-11.34,13.19,11.8
VTA,Monthly,Taxable Income-Senior Loan,20130823,13.28,-4.89,12.63,7.13,0.0750,1211.133M,971.251M,74073880,-0.77,13.1,13.0,2.94,13.5,13.82,-6.28,12.59,11.94
VTN,Monthly,Tax-Free Income-New York,20130823,13.61,-1.32,13.43,Missing,Missing,353.709M,263.268M,19443135,2.18,15.57,15.94,7.8,16.42,17.24,-5.98,13.6,12.92
VVR,Monthly,Taxable Income-Senior Loan,20130823,5.19,-1.35,5.12,7.11,0.0305,1262.210M,930.430M,179999900,3.43,5.15,5.33,10.17,5.3,5.79,-2.5,4.97,4.93
WEA,Monthly,Taxable Income-Investment Grade,20130823,14.52,-6.61,13.56,7.95,0.0900,243.068M,171.078M,11875364,6.15,14.88,15.78,16.86,15.52,17.0,-6.43,14.21,13.54
WIA,Monthly,Taxable Income-Government,20130823,13.27,-13.79,11.44,Missing,Missing,382.443M,382.441M,29152821,-10.02,14.4,12.97,-6.84,14.86,13.76,-14.22,13.16,11.32
WIW,Monthly,Taxable Income-Government,20130823,13.41,-14.62,11.45,Missing,Missing,811.795M,811.793M,61184134,-11.34,14.58,12.94,-9.07,15.05,13.51,-14.96,13.31,11.37
XAA,Monthly,Tax-Free Income-National,20130823,13.67,-0.59,13.59,Missing,Missing,121.804M,78.339M,5756267,1.55,15.5,15.77,16.92,16.2,18.8,-5.68,13.67,13.05
ZF,Quarterly,US Equity-General Equity,20130823,15.24,-13.19,13.23,Missing,Missing,348.854M,348.854M,22890655,-11.93,14.45,12.72,-8.86,15.59,13.54,-13.68,13.19,11.39
ZTR,Monthly,US Equity-Growth & Income,20130823,14.57,-11.46,12.9,Missing,Missing,507.132M,500.132M,34806575,-11.16,14.4,12.79,-8.67,14.97,13.4,-12.93,13.7,12.0
